-- phpMyAdmin SQL Dump
-- version 3.2.5
-- http://www.phpmyadmin.net
--
-- Host: localhost
-- Erstellungszeit: 27. Juli 2010 um 15:39
-- Server Version: 5.0.51
-- PHP-Version: 5.2.4-2ubuntu5.10

SET SQL_MODE="NO_AUTO_VALUE_ON_ZERO";


/*!40101 SET @OLD_CHARACTER_SET_CLIENT=@@CHARACTER_SET_CLIENT */;
/*!40101 SET @OLD_CHARACTER_SET_RESULTS=@@CHARACTER_SET_RESULTS */;
/*!40101 SET @OLD_COLLATION_CONNECTION=@@COLLATION_CONNECTION */;
/*!40101 SET NAMES utf8 */;

--
-- Datenbank: `communipedia_dev`
--

--
-- Daten für Tabelle `catalogue`
--

INSERT INTO `language` (`id`, `lang`, `default_lang`, `is_active`, `created_at`, `updated_at`) VALUES
(1, 'de', 1, 1, NULL, NULL),
(2, 'en', 0, 1, NULL, NULL),
(8, 'fr', 0, 0, '2008-07-16 13:46:59', '2008-07-16 13:46:59'),
(9, 'tr', 0, 0, '2008-07-16 13:54:49', '2008-07-16 13:54:49'),
(11, 'es', 0, 1, '2009-09-01 11:36:25', '2009-09-21 16:19:56'),
(12, 'pt', 0, 0, '2010-02-25 10:17:28', '2010-02-25 10:17:28'),
(13, 'it', 0, 0, '2010-02-25 10:17:51', '2010-02-25 10:17:51');

INSERT INTO `catalogue` (`cat_id`, `name`, `source_lang`, `target_lang`, `date_created`, `date_modified`, `author`) VALUES
(97, 'configurator.en', 'yo_Yo', 'en', 0, 0, 'Christian Schätzle'),
(98, 'configurator.de', 'yo_Yo', 'de', 0, 0, 'Christian Schätzle'),
(99, 'configurator.fr', 'yo_Yo', 'fr', 0, 0, 'Christian Schätzle'),
(100, 'configurator.tr', 'yo_Yo', 'tr', 0, 0, 'Christian Schätzle'),
(101, 'configurator.es', 'yo_Yo', 'es', 0, 0, 'Christian Schätzle'),
(102, 'configurator.pt', 'yo_Yo', 'pt', 0, 0, 'Christian Schätzle'),
(103, 'configurator.it', 'yo_Yo', 'it', 0, 0, 'Christian Schätzle'),
(104, 'widget.en', 'yo_Yo', 'en', 0, 0, 'Christian Weyand'),
(105, 'widget.de', 'yo_Yo', 'de', 0, 0, 'Christian Weyand'),
(106, 'widget.fr', 'yo_Yo', 'fr', 0, 0, 'Christian Weyand'),
(107, 'widget.tr', 'yo_Yo', 'tr', 0, 0, 'Christian Weyand'),
(108, 'widget.es', 'yo_Yo', 'es', 0, 0, 'Christian Weyand'),
(109, 'widget.pt', 'yo_Yo', 'pt', 0, 0, 'Christian Weyand'),
(110, 'widget.it', 'yo_Yo', 'it', 0, 0, 'Christian Weyand');

--
-- Daten für Tabelle `language`
--

--
-- Daten für Tabelle `trans_unit`
--

INSERT INTO `trans_unit` (`id`, `cat_id`, `source`, `target`, `comments`, `date_added`, `date_modified`, `author`, `translated`) VALUES
(19097, 98, 'FOR_MAGS_AND_BLOGS', 'Für Magazine &amp; Blogs', NULL, 1277898986, 0, '', 0),
(19098, 97, 'FOR_MAGS_AND_BLOGS', 'For Magazines &amp; Blogs', NULL, 1277898986, 0, '', 0),
(19099, 99, 'FOR_MAGS_AND_BLOGS', '', NULL, 1277898986, 0, '', 0),
(19100, 100, 'FOR_MAGS_AND_BLOGS', '', NULL, 1277898986, 0, '', 0),
(19101, 101, 'FOR_MAGS_AND_BLOGS', '', NULL, 1277898986, 0, '', 0),
(19102, 102, 'FOR_MAGS_AND_BLOGS', '', NULL, 1277898986, 0, '', 0),
(19103, 103, 'FOR_MAGS_AND_BLOGS', '', NULL, 1277898986, 0, '', 0),
(19104, 98, 'FOR_SHOPS', 'Für Online-Shops', NULL, 1277899062, 0, '', 0),
(19105, 97, 'FOR_SHOPS', 'For Online-Shops', NULL, 1277899062, 0, '', 0),
(19106, 99, 'FOR_SHOPS', '', NULL, 1277899062, 0, '', 0),
(19107, 100, 'FOR_SHOPS', '', NULL, 1277899062, 0, '', 0),
(19108, 101, 'FOR_SHOPS', '', NULL, 1277899062, 0, '', 0),
(19109, 102, 'FOR_SHOPS', '', NULL, 1277899062, 0, '', 0),
(19110, 103, 'FOR_SHOPS', '', NULL, 1277899062, 0, '', 0),
(19111, 98, 'FOR_NON_PROFITS', 'Für Spendenorganisationen', NULL, 1277899101, 0, '', 0),
(19112, 97, 'FOR_NON_PROFITS', 'For Non-Profits', NULL, 1277899101, 0, '', 0),
(19113, 99, 'FOR_NON_PROFITS', '', NULL, 1277899101, 0, '', 0),
(19114, 100, 'FOR_NON_PROFITS', '', NULL, 1277899101, 0, '', 0),
(19115, 101, 'FOR_NON_PROFITS', '', NULL, 1277899101, 0, '', 0),
(19116, 102, 'FOR_NON_PROFITS', '', NULL, 1277899101, 0, '', 0),
(19117, 103, 'FOR_NON_PROFITS', '', NULL, 1277899101, 0, '', 0),
(19118, 98, 'DEVELOPERS_LINK', 'Developers', NULL, 1277899190, 0, '', 0),
(19119, 97, 'DEVELOPERS_LINK', 'Developers', NULL, 1277899190, 0, '', 0),
(19120, 99, 'DEVELOPERS_LINK', '', NULL, 1277899190, 0, '', 0),
(19121, 100, 'DEVELOPERS_LINK', '', NULL, 1277899190, 0, '', 0),
(19122, 101, 'DEVELOPERS_LINK', '', NULL, 1277899190, 0, '', 0),
(19123, 102, 'DEVELOPERS_LINK', '', NULL, 1277899190, 0, '', 0),
(19124, 103, 'DEVELOPERS_LINK', '', NULL, 1277899190, 0, '', 0),
(19125, 98, 'HOME', 'Home', NULL, 1277899241, 0, '', 0),
(19126, 97, 'HOME', 'Home', NULL, 1277899241, 0, '', 0),
(19127, 99, 'HOME', '', NULL, 1277899241, 0, '', 0),
(19128, 100, 'HOME', '', NULL, 1277899241, 0, '', 0),
(19129, 101, 'HOME', '', NULL, 1277899241, 0, '', 0),
(19130, 102, 'HOME', '', NULL, 1277899241, 0, '', 0),
(19131, 103, 'HOME', '', NULL, 1277899241, 0, '', 0),
(19132, 98, 'BENEFITS_OWNERS_LIST', '<li>Ein (!) Button reicht für alle wichtigen Sozialen Netzwerke (inkl. Facebook)</li>\r\n  <li>Der User verlässt nie ihre Webseite (wie z.B. bei AddThis oder ShareThis)</li>\r\n  <li>Zahlreiche Varianten bei der Button-Beschriftung (bessere Kontext-Anpassung)</li>\r\n  <li>Negativ-Bewertungen ermöglichen z.B. ein einfaches Abstimmen Pro & Contra</li>\r\n  <li>Detaillierte Statistiken & 1:1 Kommunikation mit Webseiten-Besuchern (in Kürze)</li>', NULL, 1277904191, 0, '', 0),
(19133, 97, 'BENEFITS_OWNERS_LIST', '<li>One button covers all important social networks</li>\r\n  <li>User never has to leave your site (like he has to do with addthis and sharethis)</li>\r\n  <li>"Dislikes" are possible,<br/>e.g. to create a simple pro / contra voting</li>\r\n  <li>Detailed statistics & user communication for direct marketing (coming soon)</li>', NULL, 1277904191, 0, '', 0),
(19134, 99, 'BENEFITS_OWNERS_LIST', '', NULL, 1277904191, 0, '', 0),
(19135, 100, 'BENEFITS_OWNERS_LIST', '', NULL, 1277904191, 0, '', 0),
(19136, 101, 'BENEFITS_OWNERS_LIST', '', NULL, 1277904191, 0, '', 0),
(19137, 102, 'BENEFITS_OWNERS_LIST', '', NULL, 1277904191, 0, '', 0),
(19138, 103, 'BENEFITS_OWNERS_LIST', '', NULL, 1277904191, 0, '', 0),
(19139, 98, 'BENEFITS_OWNERS_HEADLINE', 'Top-Vorteile für Webseiten-Betreiber', NULL, 1277904330, 0, '', 0),
(19140, 97, 'BENEFITS_OWNERS_HEADLINE', 'Benefits for Site Owners', NULL, 1277904330, 0, '', 0),
(19141, 99, 'BENEFITS_OWNERS_HEADLINE', '', NULL, 1277904330, 0, '', 0),
(19142, 100, 'BENEFITS_OWNERS_HEADLINE', '', NULL, 1277904330, 0, '', 0),
(19143, 101, 'BENEFITS_OWNERS_HEADLINE', '', NULL, 1277904330, 0, '', 0),
(19144, 102, 'BENEFITS_OWNERS_HEADLINE', '', NULL, 1277904330, 0, '', 0),
(19145, 103, 'BENEFITS_OWNERS_HEADLINE', '', NULL, 1277904330, 0, '', 0),
(19146, 98, 'BENEFITS_VISITORS_HEADLINE', 'Top-Vorteile für Webseiten-Besucher', NULL, 1277904389, 0, '', 0),
(19147, 97, 'BENEFITS_VISITORS_HEADLINE', 'Benefits for Site Visitors', NULL, 1277904389, 0, '', 0),
(19148, 99, 'BENEFITS_VISITORS_HEADLINE', '', NULL, 1277904389, 0, '', 0),
(19149, 100, 'BENEFITS_VISITORS_HEADLINE', '', NULL, 1277904389, 0, '', 0),
(19150, 101, 'BENEFITS_VISITORS_HEADLINE', '', NULL, 1277904389, 0, '', 0),
(19151, 102, 'BENEFITS_VISITORS_HEADLINE', '', NULL, 1277904389, 0, '', 0),
(19152, 103, 'BENEFITS_VISITORS_HEADLINE', '', NULL, 1277904389, 0, '', 0),
(19153, 98, 'BENEFITS_VISITORS_LIST', '<li>Nie wieder einloggen um Inhalte zu teilen (nach der Initialisierung)</li>\r\n  <li>Ein einziger Klick verteilt an alle Freunde in allen Sozialen Netzwerken</li>\r\n  <li>Selektives Teilen wird ebenso unterstützt, z.B. Business->Twitter, Privat->Facebook</li>\r\n  <li>Auf yiid.com findet der User übersichtlich und aktuell alle "Empfehlungen" aller Freunde aus allen Sozialen Netzwerken</li>\r\n  <li>Hitlisten zeigen Trends bei News, Produkten, Events und vielem mehr...</li>', NULL, 1277904506, 0, '', 0),
(19154, 97, 'BENEFITS_VISITORS_LIST', '<li>No need to ever log in (after initial configuration)</li>\r\n  <li>Only one click of a button shares to all friends on all networks</li>\r\n  <li>Choose "on the fly" where to share.<br/>E.g. business -> Twitter, private -> Facebook</li>\r\n  <li>ActivityStream of the users own, but also his friends activities</li>\r\n  <li>Toplists of trending topics, best products, favorite places and more...</li>', NULL, 1277904506, 0, '', 0),
(19155, 99, 'BENEFITS_VISITORS_LIST', '', NULL, 1277904506, 0, '', 0),
(19156, 100, 'BENEFITS_VISITORS_LIST', '', NULL, 1277904506, 0, '', 0),
(19157, 101, 'BENEFITS_VISITORS_LIST', '', NULL, 1277904506, 0, '', 0),
(19158, 102, 'BENEFITS_VISITORS_LIST', '', NULL, 1277904506, 0, '', 0),
(19159, 103, 'BENEFITS_VISITORS_LIST', '', NULL, 1277904506, 0, '', 0),
(19160, 98, 'CHOOSE_CONFIGURATOR_OPTIONS', 'Bitte wählen sie ihre Konfigurations-Optionen', NULL, 1277986786, 0, '', 0),
(19161, 97, 'CHOOSE_CONFIGURATOR_OPTIONS', 'Please select your options', NULL, 1277986786, 0, '', 0),
(19162, 99, 'CHOOSE_CONFIGURATOR_OPTIONS', '', NULL, 1277986786, 0, '', 0),
(19163, 100, 'CHOOSE_CONFIGURATOR_OPTIONS', '', NULL, 1277986786, 0, '', 0),
(19164, 101, 'CHOOSE_CONFIGURATOR_OPTIONS', '', NULL, 1277986786, 0, '', 0),
(19165, 102, 'CHOOSE_CONFIGURATOR_OPTIONS', '', NULL, 1277986786, 0, '', 0),
(19166, 103, 'CHOOSE_CONFIGURATOR_OPTIONS', '', NULL, 1277986786, 0, '', 0),
(19167, 98, 'YIID_IT_SLOGAN', 'Vergrößern Sie mit sofortiger Wirkung die Reichweite Ihrer Webseite um ein Vielfaches indem sie eine simple Zeile Javascript-Code in ihre Seiten einfügen!', NULL, 1277987078, 0, '', 0),
(19168, 97, 'YIID_IT_SLOGAN', 'Increase your reach today and add <span class="important_text">Yiid it!</span> to your site - it''s easy as cut, copy and paste.', NULL, 1277987078, 0, '', 0),
(19169, 99, 'YIID_IT_SLOGAN', '', NULL, 1277987078, 0, '', 0),
(19170, 100, 'YIID_IT_SLOGAN', '', NULL, 1277987078, 0, '', 0),
(19171, 101, 'YIID_IT_SLOGAN', '', NULL, 1277987078, 0, '', 0),
(19172, 102, 'YIID_IT_SLOGAN', '', NULL, 1277987078, 0, '', 0),
(19173, 103, 'YIID_IT_SLOGAN', '', NULL, 1277987078, 0, '', 0),
(19174, 98, 'YIID_IT_DESCRIPTION_1', 'Yiid it! ist eine neue Serie von Widgets, mit deren Hilfe sich News, Produkte, Testberichte und vieles mehr über Soziale Netzwerke viral verbreiten lassen.', NULL, 1277987341, 0, '', 0),
(19175, 97, 'YIID_IT_DESCRIPTION_1', 'Yiid it! is a new series of widgets that is enabling interaction and viral spreading of news, products, reviews and any other kind of information to a whole range of social networks SIMULTANOUSLY, including Facebook, Twitter, Google Buzz and many more to come.', NULL, 1277987341, 0, '', 0),
(19176, 99, 'YIID_IT_DESCRIPTION_1', '', NULL, 1277987341, 0, '', 0),
(19177, 100, 'YIID_IT_DESCRIPTION_1', '', NULL, 1277987341, 0, '', 0),
(19178, 101, 'YIID_IT_DESCRIPTION_1', '', NULL, 1277987341, 0, '', 0),
(19179, 102, 'YIID_IT_DESCRIPTION_1', '', NULL, 1277987341, 0, '', 0),
(19180, 103, 'YIID_IT_DESCRIPTION_1', '', NULL, 1277987341, 0, '', 0),
(19181, 98, 'YIID_IT_DESCRIPTION_2', 'Mit einem einzigen Klick landet ihre Botschaft SIMULTAN in allen Netzwerken des Users, einschließlich Facebook, Twitter, Google Buzz und schon bald noch vielen anderen.', NULL, 1277987407, 0, '', 0),
(19182, 97, 'YIID_IT_DESCRIPTION_2', 'With a simple click on the Yiid it! button your visitors send a message to all their (maybe hundreds or even thousands of) friends and followers on all the social apps they use.', NULL, 1277987407, 0, '', 0),
(19183, 99, 'YIID_IT_DESCRIPTION_2', '', NULL, 1277987407, 0, '', 0),
(19184, 100, 'YIID_IT_DESCRIPTION_2', '', NULL, 1277987407, 0, '', 0),
(19185, 101, 'YIID_IT_DESCRIPTION_2', '', NULL, 1277987407, 0, '', 0),
(19186, 102, 'YIID_IT_DESCRIPTION_2', '', NULL, 1277987407, 0, '', 0),
(19187, 103, 'YIID_IT_DESCRIPTION_2', '', NULL, 1277987407, 0, '', 0),
(19188, 98, 'MORE_TO_COME', 'Weitere folgen!', NULL, 1277987463, 0, '', 0),
(19189, 97, 'MORE_TO_COME', 'More to come!', NULL, 1277987463, 0, '', 0),
(19190, 99, 'MORE_TO_COME', '', NULL, 1277987463, 0, '', 0),
(19191, 100, 'MORE_TO_COME', '', NULL, 1277987463, 0, '', 0),
(19192, 101, 'MORE_TO_COME', '', NULL, 1277987463, 0, '', 0),
(19193, 102, 'MORE_TO_COME', '', NULL, 1277987463, 0, '', 0),
(19194, 103, 'MORE_TO_COME', '', NULL, 1277987463, 0, '', 0),
(19195, 98, 'IF_YOU_WANT_TO', 'Wenn es ihre Zielsetzung ist...', NULL, 1277987969, 0, '', 0),
(19196, 97, 'IF_YOU_WANT_TO', 'If you want to...', NULL, 1277987969, 0, '', 0),
(19197, 99, 'IF_YOU_WANT_TO', '', NULL, 1277987969, 0, '', 0),
(19198, 100, 'IF_YOU_WANT_TO', '', NULL, 1277987969, 0, '', 0),
(19199, 101, 'IF_YOU_WANT_TO', '', NULL, 1277987969, 0, '', 0),
(19200, 102, 'IF_YOU_WANT_TO', '', NULL, 1277987969, 0, '', 0),
(19201, 103, 'IF_YOU_WANT_TO', '', NULL, 1277987969, 0, '', 0),
(19202, 98, 'INCREASE_MEDIA_PENETRATION', 'Ihre Online-Reichweite zu erhöhen', NULL, 1277988031, 0, '', 0),
(19203, 97, 'INCREASE_MEDIA_PENETRATION', 'increase your media penetration', NULL, 1277988031, 0, '', 0),
(19204, 99, 'INCREASE_MEDIA_PENETRATION', '', NULL, 1277988031, 0, '', 0),
(19205, 100, 'INCREASE_MEDIA_PENETRATION', '', NULL, 1277988031, 0, '', 0),
(19206, 101, 'INCREASE_MEDIA_PENETRATION', '', NULL, 1277988031, 0, '', 0),
(19207, 102, 'INCREASE_MEDIA_PENETRATION', '', NULL, 1277988031, 0, '', 0),
(19208, 103, 'INCREASE_MEDIA_PENETRATION', '', NULL, 1277988031, 0, '', 0),
(19209, 98, 'SOCIAL_RECOMMENDATION', 'Ihre Produkte über soziale Empfehlungen zu verbreiten', NULL, 1277988072, 0, '', 0),
(19210, 97, 'SOCIAL_RECOMMENDATION', 'want to sell your products through social recommendation', NULL, 1277988072, 0, '', 0),
(19211, 99, 'SOCIAL_RECOMMENDATION', '', NULL, 1277988072, 0, '', 0),
(19212, 100, 'SOCIAL_RECOMMENDATION', '', NULL, 1277988072, 0, '', 0),
(19213, 101, 'SOCIAL_RECOMMENDATION', '', NULL, 1277988072, 0, '', 0),
(19214, 102, 'SOCIAL_RECOMMENDATION', '', NULL, 1277988072, 0, '', 0),
(19215, 103, 'SOCIAL_RECOMMENDATION', '', NULL, 1277988072, 0, '', 0),
(19216, 98, 'SUBSCRIBERS', 'Abonnements für Print-Ausgaben zu generieren', NULL, 1277988099, 0, '', 0),
(19217, 97, 'SUBSCRIBERS', 'get more subscribers for your printed periodicals', NULL, 1277988099, 0, '', 0),
(19218, 99, 'SUBSCRIBERS', '', NULL, 1277988099, 0, '', 0),
(19219, 100, 'SUBSCRIBERS', '', NULL, 1277988099, 0, '', 0),
(19220, 101, 'SUBSCRIBERS', '', NULL, 1277988099, 0, '', 0),
(19221, 102, 'SUBSCRIBERS', '', NULL, 1277988099, 0, '', 0),
(19222, 103, 'SUBSCRIBERS', '', NULL, 1277988099, 0, '', 0),
(19223, 98, 'REPLACE_BUTTON_ROWS', '...dann ersetzt Yiid it! perfekt bisherige Mehrfach-Buttonreihen.', NULL, 1277988126, 0, '', 0),
(19224, 97, 'REPLACE_BUTTON_ROWS', '...then Yiid it! will perfectly replace your "Nascar" button rows.', NULL, 1277988126, 0, '', 0),
(19225, 99, 'REPLACE_BUTTON_ROWS', '', NULL, 1277988126, 0, '', 0),
(19226, 100, 'REPLACE_BUTTON_ROWS', '', NULL, 1277988126, 0, '', 0),
(19227, 101, 'REPLACE_BUTTON_ROWS', '', NULL, 1277988126, 0, '', 0),
(19228, 102, 'REPLACE_BUTTON_ROWS', '', NULL, 1277988126, 0, '', 0),
(19229, 103, 'REPLACE_BUTTON_ROWS', '', NULL, 1277988126, 0, '', 0),
(19230, 98, 'ADVANTAGES_FOR_PUBLISHERS', 'Top-Vorteile für Publisher', NULL, 1277988155, 0, '', 0),
(19231, 97, 'ADVANTAGES_FOR_PUBLISHERS', 'Top-Benefits for Publishers', NULL, 1277988155, 0, '', 0),
(19232, 99, 'ADVANTAGES_FOR_PUBLISHERS', '', NULL, 1277988155, 0, '', 0),
(19233, 100, 'ADVANTAGES_FOR_PUBLISHERS', '', NULL, 1277988155, 0, '', 0),
(19234, 101, 'ADVANTAGES_FOR_PUBLISHERS', '', NULL, 1277988155, 0, '', 0),
(19235, 102, 'ADVANTAGES_FOR_PUBLISHERS', '', NULL, 1277988155, 0, '', 0),
(19236, 103, 'ADVANTAGES_FOR_PUBLISHERS', '', NULL, 1277988155, 0, '', 0),
(19237, 98, 'ONE_BUTTON_ONE_CLICK', 'Ein (!) Button und ein (!) Klick teilt in alle wichtigen Sozialen Netzwerke (inkl. Facebook)', NULL, 1277988192, 0, '', 0),
(19238, 97, 'ONE_BUTTON_ONE_CLICK', 'One (!) button and one (!) click shares to all social networks (incl. Facebook)', NULL, 1277988192, 0, '', 0),
(19239, 99, 'ONE_BUTTON_ONE_CLICK', '', NULL, 1277988192, 0, '', 0),
(19240, 100, 'ONE_BUTTON_ONE_CLICK', '', NULL, 1277988192, 0, '', 0),
(19241, 101, 'ONE_BUTTON_ONE_CLICK', '', NULL, 1277988192, 0, '', 0),
(19242, 102, 'ONE_BUTTON_ONE_CLICK', '', NULL, 1277988192, 0, '', 0),
(19243, 103, 'ONE_BUTTON_ONE_CLICK', '', NULL, 1277988192, 0, '', 0),
(19244, 98, 'APPROPRIATE_WORDINGS', 'Über die Button-Beschriftung lässt sich Bezug auf den betreffenden Artikel nehmen', NULL, 1277988231, 0, '', 0),
(19245, 97, 'APPROPRIATE_WORDINGS', 'Create the perfect match from article to button by using appropriate wordings', NULL, 1277988231, 0, '', 0),
(19246, 99, 'APPROPRIATE_WORDINGS', '', NULL, 1277988231, 0, '', 0),
(19247, 100, 'APPROPRIATE_WORDINGS', '', NULL, 1277988231, 0, '', 0),
(19248, 101, 'APPROPRIATE_WORDINGS', '', NULL, 1277988231, 0, '', 0),
(19249, 102, 'APPROPRIATE_WORDINGS', '', NULL, 1277988231, 0, '', 0),
(19250, 103, 'APPROPRIATE_WORDINGS', '', NULL, 1277988231, 0, '', 0),
(19251, 98, 'NO_REDIRECTION', 'Der User wird nicht auf andere Webseiten geführt (wie z.B. bei AddThis oder ShareThis)', NULL, 1277988260, 0, '', 0),
(19252, 97, 'NO_REDIRECTION', 'No redirection of the user to other sites (like with AddThis or ShareThis)', NULL, 1277988260, 0, '', 0),
(19253, 99, 'NO_REDIRECTION', '', NULL, 1277988260, 0, '', 0),
(19254, 100, 'NO_REDIRECTION', '', NULL, 1277988260, 0, '', 0),
(19255, 101, 'NO_REDIRECTION', '', NULL, 1277988260, 0, '', 0),
(19256, 102, 'NO_REDIRECTION', '', NULL, 1277988260, 0, '', 0),
(19257, 103, 'NO_REDIRECTION', '', NULL, 1277988260, 0, '', 0),
(19258, 98, 'POSITIVE_NEGATIVE_RATINGS', 'Negativ-Bewertungen ermöglichen einfache Abstimmungen (z.B. Pro &amp; Contra)', NULL, 1277988291, 0, '', 0),
(19259, 97, 'POSITIVE_NEGATIVE_RATINGS', 'Positive / negative buttons enable easy and quick polls (e.g. pro &amp; contra)', NULL, 1277988291, 0, '', 0),
(19260, 99, 'POSITIVE_NEGATIVE_RATINGS', '', NULL, 1277988291, 0, '', 0),
(19261, 100, 'POSITIVE_NEGATIVE_RATINGS', '', NULL, 1277988291, 0, '', 0),
(19262, 101, 'POSITIVE_NEGATIVE_RATINGS', '', NULL, 1277988291, 0, '', 0),
(19263, 102, 'POSITIVE_NEGATIVE_RATINGS', '', NULL, 1277988291, 0, '', 0),
(19264, 103, 'POSITIVE_NEGATIVE_RATINGS', '', NULL, 1277988291, 0, '', 0),
(19265, 98, 'DETAILED_STATISTICS', 'Detaillierte Statistiken (in Kürze)', NULL, 1277988325, 0, '', 0),
(19266, 97, 'DETAILED_STATISTICS', 'Detailed statistics (coming soon)', NULL, 1277988325, 0, '', 0),
(19267, 99, 'DETAILED_STATISTICS', '', NULL, 1277988325, 0, '', 0),
(19268, 100, 'DETAILED_STATISTICS', '', NULL, 1277988325, 0, '', 0),
(19269, 101, 'DETAILED_STATISTICS', '', NULL, 1277988325, 0, '', 0),
(19270, 102, 'DETAILED_STATISTICS', '', NULL, 1277988325, 0, '', 0),
(19271, 103, 'DETAILED_STATISTICS', '', NULL, 1277988325, 0, '', 0),
(19272, 98, 'MAILINGS', 'Rundschreiben und 1:1 Kommunikation mit Webseiten-Besuchern (in Kürze)', NULL, 1277988362, 0, '', 0),
(19273, 97, 'MAILINGS', 'Mailings and 1:1 communication with your users (coming soon)', NULL, 1277988362, 0, '', 0),
(19274, 99, 'MAILINGS', '', NULL, 1277988362, 0, '', 0),
(19275, 100, 'MAILINGS', '', NULL, 1277988362, 0, '', 0),
(19276, 101, 'MAILINGS', '', NULL, 1277988362, 0, '', 0),
(19277, 102, 'MAILINGS', '', NULL, 1277988362, 0, '', 0),
(19278, 103, 'MAILINGS', '', NULL, 1277988362, 0, '', 0),
(19279, 98, 'GET_YOUR_BUTTON', 'Jetzt den Yiid it! Social Sharing Button einbauen', NULL, 1277988391, 0, '', 0),
(19280, 97, 'GET_YOUR_BUTTON', 'Get your Yiid it! social sharing button now!', NULL, 1277988391, 0, '', 0),
(19281, 99, 'GET_YOUR_BUTTON', '', NULL, 1277988391, 0, '', 0),
(19282, 100, 'GET_YOUR_BUTTON', '', NULL, 1277988391, 0, '', 0),
(19283, 101, 'GET_YOUR_BUTTON', '', NULL, 1277988391, 0, '', 0),
(19284, 102, 'GET_YOUR_BUTTON', '', NULL, 1277988391, 0, '', 0),
(19285, 103, 'GET_YOUR_BUTTON', '', NULL, 1277988391, 0, '', 0),
(19286, 98, 'QUESTIONS', 'Fragen? Tel. +49 6201 845200 oder %1', NULL, 1277988454, 0, '', 0),
(19287, 97, 'QUESTIONS', 'Questions? Call +49 06201 845200 or send an email to %1', NULL, 1277988454, 0, '', 0),
(19288, 99, 'QUESTIONS', '', NULL, 1277988454, 0, '', 0),
(19289, 100, 'QUESTIONS', '', NULL, 1277988454, 0, '', 0),
(19290, 101, 'QUESTIONS', '', NULL, 1277988454, 0, '', 0),
(19291, 102, 'QUESTIONS', '', NULL, 1277988454, 0, '', 0),
(19292, 103, 'QUESTIONS', '', NULL, 1277988454, 0, '', 0),
(19293, 98, 'INCENTIVES', 'Das Kombinieren von Incentives (z.B. Produktproben) mit der vollautomatischen Adress-Generierung von Yiid it! macht ihre User automatisch zu Sales-Agenten (in Kürze)', NULL, 1277990777, 0, '', 0),
(19294, 97, 'INCENTIVES', 'The combination of incentives with fully automattic address form prefills brings you high response rates and converts your customers into sales agents', NULL, 1277990777, 0, '', 0),
(19295, 99, 'INCENTIVES', '', NULL, 1277990777, 0, '', 0),
(19296, 100, 'INCENTIVES', '', NULL, 1277990777, 0, '', 0),
(19297, 101, 'INCENTIVES', '', NULL, 1277990777, 0, '', 0),
(19298, 102, 'INCENTIVES', '', NULL, 1277990777, 0, '', 0),
(19299, 103, 'INCENTIVES', '', NULL, 1277990777, 0, '', 0),
(19300, 98, 'ADVANTAGES_FOR_SHOPS', 'Top-Vorteile für Online-Shops', NULL, 1277990809, 0, '', 0),
(19301, 97, 'ADVANTAGES_FOR_SHOPS', 'Top-Benefits for Online-Shops', NULL, 1277990809, 0, '', 0),
(19302, 99, 'ADVANTAGES_FOR_SHOPS', '', NULL, 1277990809, 0, '', 0),
(19303, 100, 'ADVANTAGES_FOR_SHOPS', '', NULL, 1277990809, 0, '', 0),
(19304, 101, 'ADVANTAGES_FOR_SHOPS', '', NULL, 1277990809, 0, '', 0),
(19305, 102, 'ADVANTAGES_FOR_SHOPS', '', NULL, 1277990809, 0, '', 0),
(19306, 103, 'ADVANTAGES_FOR_SHOPS', '', NULL, 1277990809, 0, '', 0),
(19307, 98, 'REACH_CUSTOMERS_FRIENDS', 'die Freunde ihrer Kunden zu erreichen', NULL, 1277990845, 0, '', 0),
(19308, 97, 'REACH_CUSTOMERS_FRIENDS', 'reach your customers friends', NULL, 1277990845, 0, '', 0),
(19309, 99, 'REACH_CUSTOMERS_FRIENDS', '', NULL, 1277990845, 0, '', 0),
(19310, 100, 'REACH_CUSTOMERS_FRIENDS', '', NULL, 1277990845, 0, '', 0),
(19311, 101, 'REACH_CUSTOMERS_FRIENDS', '', NULL, 1277990845, 0, '', 0),
(19312, 102, 'REACH_CUSTOMERS_FRIENDS', '', NULL, 1277990845, 0, '', 0),
(19313, 103, 'REACH_CUSTOMERS_FRIENDS', '', NULL, 1277990845, 0, '', 0),
(19314, 98, 'GET_RECOMMENDATIONS', 'Fans ihrer Produkte zu Empfehlungen zu animieren', NULL, 1277990876, 0, '', 0),
(19315, 97, 'GET_RECOMMENDATIONS', 'to get recommendations from your fans', NULL, 1277990876, 0, '', 0),
(19316, 99, 'GET_RECOMMENDATIONS', '', NULL, 1277990876, 0, '', 0),
(19317, 100, 'GET_RECOMMENDATIONS', '', NULL, 1277990876, 0, '', 0),
(19318, 101, 'GET_RECOMMENDATIONS', '', NULL, 1277990876, 0, '', 0),
(19319, 102, 'GET_RECOMMENDATIONS', '', NULL, 1277990876, 0, '', 0),
(19320, 103, 'GET_RECOMMENDATIONS', '', NULL, 1277990876, 0, '', 0),
(19321, 98, 'DISTRIBUTE_SAMPLES', 'Incentives und Produktproben zu streuen', NULL, 1277990902, 0, '', 0),
(19322, 97, 'DISTRIBUTE_SAMPLES', 'want to distribute product samples or incentives', NULL, 1277990902, 0, '', 0),
(19323, 99, 'DISTRIBUTE_SAMPLES', '', NULL, 1277990902, 0, '', 0),
(19324, 100, 'DISTRIBUTE_SAMPLES', '', NULL, 1277990902, 0, '', 0),
(19325, 101, 'DISTRIBUTE_SAMPLES', '', NULL, 1277990902, 0, '', 0),
(19326, 102, 'DISTRIBUTE_SAMPLES', '', NULL, 1277990902, 0, '', 0),
(19327, 103, 'DISTRIBUTE_SAMPLES', '', NULL, 1277990902, 0, '', 0),
(19328, 98, 'INCREASE_BENEFACTORS', 'mehr Spendenaktivitäten zu generieren', NULL, 1277991308, 0, '', 0),
(19329, 97, 'INCREASE_BENEFACTORS', 'increase your number of benefactors', NULL, 1277991308, 0, '', 0),
(19330, 99, 'INCREASE_BENEFACTORS', '', NULL, 1277991308, 0, '', 0),
(19331, 100, 'INCREASE_BENEFACTORS', '', NULL, 1277991308, 0, '', 0),
(19332, 101, 'INCREASE_BENEFACTORS', '', NULL, 1277991308, 0, '', 0),
(19333, 102, 'INCREASE_BENEFACTORS', '', NULL, 1277991308, 0, '', 0),
(19334, 103, 'INCREASE_BENEFACTORS', '', NULL, 1277991308, 0, '', 0),
(19335, 98, 'DO_GOOD_AND_TELL', 'dem Motto "tue Gutes und sprich darüber" zu folgen', NULL, 1277991333, 0, '', 0),
(19336, 97, 'DO_GOOD_AND_TELL', 'want to enable your dispensers to do good and tell the world about it', NULL, 1277991333, 0, '', 0),
(19337, 99, 'DO_GOOD_AND_TELL', '', NULL, 1277991333, 0, '', 0),
(19338, 100, 'DO_GOOD_AND_TELL', '', NULL, 1277991333, 0, '', 0),
(19339, 101, 'DO_GOOD_AND_TELL', '', NULL, 1277991333, 0, '', 0),
(19340, 102, 'DO_GOOD_AND_TELL', '', NULL, 1277991333, 0, '', 0),
(19341, 103, 'DO_GOOD_AND_TELL', '', NULL, 1277991333, 0, '', 0),
(19342, 98, 'FAN_ACTICLES', 'über Fanartikel Spender zu Botschaftern zu machen', NULL, 1277991364, 0, '', 0),
(19343, 97, 'FAN_ACTICLES', 'convert users to ambassadors through fan articles', NULL, 1277991364, 0, '', 0),
(19344, 99, 'FAN_ACTICLES', '', NULL, 1277991364, 0, '', 0),
(19345, 100, 'FAN_ACTICLES', '', NULL, 1277991364, 0, '', 0),
(19346, 101, 'FAN_ACTICLES', '', NULL, 1277991364, 0, '', 0),
(19347, 102, 'FAN_ACTICLES', '', NULL, 1277991364, 0, '', 0),
(19348, 103, 'FAN_ACTICLES', '', NULL, 1277991364, 0, '', 0),
(19349, 98, 'ADVANTAGES_FOR_NONPROFITS', 'Top-Vorteile für Spendenorganisationen', NULL, 1277991398, 0, '', 0),
(19350, 97, 'ADVANTAGES_FOR_NONPROFITS', 'Top-Benefits for Non-Profits', NULL, 1277991398, 0, '', 0),
(19351, 99, 'ADVANTAGES_FOR_NONPROFITS', '', NULL, 1277991398, 0, '', 0),
(19352, 100, 'ADVANTAGES_FOR_NONPROFITS', '', NULL, 1277991398, 0, '', 0),
(19353, 101, 'ADVANTAGES_FOR_NONPROFITS', '', NULL, 1277991398, 0, '', 0),
(19354, 102, 'ADVANTAGES_FOR_NONPROFITS', '', NULL, 1277991398, 0, '', 0),
(19355, 103, 'ADVANTAGES_FOR_NONPROFITS', '', NULL, 1277991398, 0, '', 0),
(19356, 98, 'QUICK_POLLS', 'Einfache Abstimmungen (z.B. Pro &amp; Contra) über aktuelle Themen möglich', NULL, 1277991758, 0, '', 0),
(19357, 97, 'QUICK_POLLS', 'Positive / negative buttons enable easy and quick polls (e.g. pro &amp; contra)', NULL, 1277991758, 0, '', 0),
(19358, 99, 'QUICK_POLLS', '', NULL, 1277991758, 0, '', 0),
(19359, 100, 'QUICK_POLLS', '', NULL, 1277991758, 0, '', 0),
(19360, 101, 'QUICK_POLLS', '', NULL, 1277991758, 0, '', 0),
(19361, 102, 'QUICK_POLLS', '', NULL, 1277991758, 0, '', 0),
(19362, 103, 'QUICK_POLLS', '', NULL, 1277991758, 0, '', 0),
(19363, 98, 'AUTOMATIC_ADDRESS_FORMS', 'Automatisch ausgefüllte Adressformulare lassen sich mit Fanartikeln kombinieren', NULL, 1277991829, 0, '', 0),
(19364, 97, 'AUTOMATIC_ADDRESS_FORMS', 'Fully automatic address form prefills can be perfectly combined with fan article sales', NULL, 1277991829, 0, '', 0),
(19365, 99, 'AUTOMATIC_ADDRESS_FORMS', '', NULL, 1277991829, 0, '', 0),
(19366, 100, 'AUTOMATIC_ADDRESS_FORMS', '', NULL, 1277991829, 0, '', 0),
(19367, 101, 'AUTOMATIC_ADDRESS_FORMS', '', NULL, 1277991829, 0, '', 0),
(19368, 102, 'AUTOMATIC_ADDRESS_FORMS', '', NULL, 1277991829, 0, '', 0),
(19369, 103, 'AUTOMATIC_ADDRESS_FORMS', '', NULL, 1277991829, 0, '', 0),
(19370, 98, 'TERMS_OF_SERVICE', 'AGBs', NULL, 1277992759, 0, '', 0),
(19371, 97, 'TERMS_OF_SERVICE', 'Terms of Service', NULL, 1277992759, 0, '', 0),
(19372, 99, 'TERMS_OF_SERVICE', '', NULL, 1277992759, 0, '', 0),
(19373, 100, 'TERMS_OF_SERVICE', '', NULL, 1277992759, 0, '', 0),
(19374, 101, 'TERMS_OF_SERVICE', '', NULL, 1277992759, 0, '', 0),
(19375, 102, 'TERMS_OF_SERVICE', '', NULL, 1277992759, 0, '', 0),
(19376, 103, 'TERMS_OF_SERVICE', '', NULL, 1277992759, 0, '', 0),
(19377, 98, 'PRIVACY', 'Datenschutz', NULL, 1277992797, 0, '', 0),
(19378, 97, 'PRIVACY', 'Privacy', NULL, 1277992797, 0, '', 0),
(19379, 99, 'PRIVACY', '', NULL, 1277992797, 0, '', 0),
(19380, 100, 'PRIVACY', '', NULL, 1277992797, 0, '', 0),
(19381, 101, 'PRIVACY', '', NULL, 1277992797, 0, '', 0),
(19382, 102, 'PRIVACY', '', NULL, 1277992797, 0, '', 0),
(19383, 103, 'PRIVACY', '', NULL, 1277992797, 0, '', 0),
(19384, 98, 'CONTACT', 'Kontakt', NULL, 1277992824, 0, '', 0),
(19385, 97, 'CONTACT', 'Contact', NULL, 1277992824, 0, '', 0),
(19386, 99, 'CONTACT', '', NULL, 1277992824, 0, '', 0),
(19387, 100, 'CONTACT', '', NULL, 1277992824, 0, '', 0),
(19388, 101, 'CONTACT', '', NULL, 1277992824, 0, '', 0),
(19389, 102, 'CONTACT', '', NULL, 1277992824, 0, '', 0),
(19390, 103, 'CONTACT', '', NULL, 1277992824, 0, '', 0),
(19391, 98, 'CONFIGURATOR_PREVIEW', 'Vorschau', NULL, 1277992934, 0, '', 0),
(19392, 97, 'CONFIGURATOR_PREVIEW', 'Preview', NULL, 1277992934, 0, '', 0),
(19393, 99, 'CONFIGURATOR_PREVIEW', '', NULL, 1277992934, 0, '', 0),
(19394, 100, 'CONFIGURATOR_PREVIEW', '', NULL, 1277992934, 0, '', 0),
(19395, 101, 'CONFIGURATOR_PREVIEW', '', NULL, 1277992934, 0, '', 0),
(19396, 102, 'CONFIGURATOR_PREVIEW', '', NULL, 1277992934, 0, '', 0),
(19397, 103, 'CONFIGURATOR_PREVIEW', '', NULL, 1277992934, 0, '', 0),
(19398, 98, 'BUTTON_GET_CODE', 'Code generieren', NULL, 1277992977, 0, '', 0),
(19399, 97, 'BUTTON_GET_CODE', 'Get Code', NULL, 1277992977, 0, '', 0),
(19400, 99, 'BUTTON_GET_CODE', '', NULL, 1277992977, 0, '', 0),
(19401, 100, 'BUTTON_GET_CODE', '', NULL, 1277992977, 0, '', 0),
(19402, 101, 'BUTTON_GET_CODE', '', NULL, 1277992977, 0, '', 0),
(19403, 102, 'BUTTON_GET_CODE', '', NULL, 1277992977, 0, '', 0),
(19404, 103, 'BUTTON_GET_CODE', '', NULL, 1277992977, 0, '', 0),
(19405, 98, 'LABEL_URL', 'Pflichtfeld', NULL, 1277993425, 0, '', 0),
(19406, 97, 'LABEL_URL', 'Mandatory field', NULL, 1277993425, 0, '', 0),
(19407, 99, 'LABEL_URL', '', NULL, 1277993425, 0, '', 0),
(19408, 100, 'LABEL_URL', '', NULL, 1277993425, 0, '', 0),
(19409, 101, 'LABEL_URL', '', NULL, 1277993425, 0, '', 0),
(19410, 102, 'LABEL_URL', '', NULL, 1277993425, 0, '', 0),
(19411, 103, 'LABEL_URL', '', NULL, 1277993425, 0, '', 0),
(19412, 98, 'SELECT_LANGUAGE', 'Deutsch', NULL, 1277993458, 0, '', 0),
(19413, 97, 'SELECT_LANGUAGE', 'German', NULL, 1277993458, 0, '', 0),
(19414, 99, 'SELECT_LANGUAGE', '', NULL, 1277993458, 0, '', 0),
(19415, 100, 'SELECT_LANGUAGE', '', NULL, 1277993458, 0, '', 0),
(19416, 101, 'SELECT_LANGUAGE', '', NULL, 1277993458, 0, '', 0),
(19417, 102, 'SELECT_LANGUAGE', '', NULL, 1277993458, 0, '', 0),
(19418, 103, 'SELECT_LANGUAGE', '', NULL, 1277993458, 0, '', 0),
(19419, 98, 'LABEL_LANGUAGE', 'Standard: Deutsch', NULL, 1277993539, 0, '', 0),
(19420, 97, 'LABEL_LANGUAGE', 'Default: German', NULL, 1277993539, 0, '', 0),
(19421, 99, 'LABEL_LANGUAGE', '', NULL, 1277993539, 0, '', 0),
(19422, 100, 'LABEL_LANGUAGE', '', NULL, 1277993539, 0, '', 0),
(19423, 101, 'LABEL_LANGUAGE', '', NULL, 1277993539, 0, '', 0),
(19424, 102, 'LABEL_LANGUAGE', '', NULL, 1277993539, 0, '', 0),
(19425, 103, 'LABEL_LANGUAGE', '', NULL, 1277993539, 0, '', 0),
(19426, 98, 'SELECT_WORDING', 'Button-Beschriftung...', NULL, 1277993631, 0, '', 0),
(19427, 97, 'SELECT_WORDING', 'Verb to display...', NULL, 1277993631, 0, '', 0),
(19428, 99, 'SELECT_WORDING', '', NULL, 1277993631, 0, '', 0),
(19429, 100, 'SELECT_WORDING', '', NULL, 1277993632, 0, '', 0),
(19430, 101, 'SELECT_WORDING', '', NULL, 1277993632, 0, '', 0),
(19431, 102, 'SELECT_WORDING', '', NULL, 1277993632, 0, '', 0),
(19432, 103, 'SELECT_WORDING', '', NULL, 1277993632, 0, '', 0),
(19433, 98, 'SELECT_WORDING_DEFAULT', 'Standard: "Gefällt / Gefällt nicht"', NULL, 1277993693, 0, '', 0),
(19434, 97, 'SELECT_WORDING_DEFAULT', 'Default: Like/Dislike', NULL, 1277993693, 0, '', 0),
(19435, 99, 'SELECT_WORDING_DEFAULT', '', NULL, 1277993693, 0, '', 0),
(19436, 100, 'SELECT_WORDING_DEFAULT', '', NULL, 1277993693, 0, '', 0),
(19437, 101, 'SELECT_WORDING_DEFAULT', '', NULL, 1277993693, 0, '', 0),
(19438, 102, 'SELECT_WORDING_DEFAULT', '', NULL, 1277993693, 0, '', 0),
(19439, 103, 'SELECT_WORDING_DEFAULT', '', NULL, 1277993693, 0, '', 0),
(19440, 98, 'LABEL_WIDTH', 'Minimum &amp; Standard: %1 Pixel', NULL, 1277993765, 0, '', 0),
(19441, 97, 'LABEL_WIDTH', 'Minimum &amp; Default: %1 pixels', NULL, 1277993765, 0, '', 0),
(19442, 99, 'LABEL_WIDTH', '', NULL, 1277993765, 0, '', 0),
(19443, 100, 'LABEL_WIDTH', '', NULL, 1277993766, 0, '', 0),
(19444, 101, 'LABEL_WIDTH', '', NULL, 1277993766, 0, '', 0),
(19445, 102, 'LABEL_WIDTH', '', NULL, 1277993766, 0, '', 0),
(19446, 103, 'LABEL_WIDTH', '', NULL, 1277993766, 0, '', 0),
(19447, 98, 'HELP_DISLIKE_OPTION', 'mit Negativ-Option', NULL, 1277993916, 0, '', 0),
(19448, 97, 'HELP_DISLIKE_OPTION', 'Add dislike option', NULL, 1277993916, 0, '', 0),
(19449, 99, 'HELP_DISLIKE_OPTION', '', NULL, 1277993916, 0, '', 0),
(19450, 100, 'HELP_DISLIKE_OPTION', '', NULL, 1277993916, 0, '', 0),
(19451, 101, 'HELP_DISLIKE_OPTION', '', NULL, 1277993916, 0, '', 0),
(19452, 102, 'HELP_DISLIKE_OPTION', '', NULL, 1277993916, 0, '', 0),
(19453, 103, 'HELP_DISLIKE_OPTION', '', NULL, 1277993916, 0, '', 0),
(19454, 98, 'LABEL_DISLIKE_OPTION', 'Standard: nur Positiv-Option', NULL, 1277993972, 0, '', 0),
(19455, 97, 'LABEL_DISLIKE_OPTION', 'Default: Like only', NULL, 1277993972, 0, '', 0),
(19456, 99, 'LABEL_DISLIKE_OPTION', '', NULL, 1277993972, 0, '', 0),
(19457, 100, 'LABEL_DISLIKE_OPTION', '', NULL, 1277993972, 0, '', 0),
(19458, 101, 'LABEL_DISLIKE_OPTION', '', NULL, 1277993972, 0, '', 0),
(19459, 102, 'LABEL_DISLIKE_OPTION', '', NULL, 1277993972, 0, '', 0),
(19460, 103, 'LABEL_DISLIKE_OPTION', '', NULL, 1277993972, 0, '', 0),
(19461, 98, 'LABEL_EMAIL', 'Wird ausschließlich zur Benachrichtigung verwendet, sobald die Statistik-Funktion zu ihrem Yiid it! Button verfügbar ist.', NULL, 1277994021, 0, '', 0),
(19462, 97, 'LABEL_EMAIL', 'Needed only to inform you when our free button statistics become available. No spam!', NULL, 1277994021, 0, '', 0),
(19463, 99, 'LABEL_EMAIL', '', NULL, 1277994021, 0, '', 0),
(19464, 100, 'LABEL_EMAIL', '', NULL, 1277994021, 0, '', 0),
(19465, 101, 'LABEL_EMAIL', '', NULL, 1277994021, 0, '', 0),
(19466, 102, 'LABEL_EMAIL', '', NULL, 1277994021, 0, '', 0),
(19467, 103, 'LABEL_EMAIL', '', NULL, 1277994021, 0, '', 0),
(19468, 98, 'VALUE_URL', 'URL für den Button', NULL, 1277994160, 0, '', 0),
(19469, 97, 'VALUE_URL', 'URL to like/dislike', NULL, 1277994160, 0, '', 0),
(19470, 99, 'VALUE_URL', '', NULL, 1277994160, 0, '', 0),
(19471, 100, 'VALUE_URL', '', NULL, 1277994160, 0, '', 0),
(19472, 101, 'VALUE_URL', '', NULL, 1277994160, 0, '', 0),
(19473, 102, 'VALUE_URL', '', NULL, 1277994160, 0, '', 0),
(19474, 103, 'VALUE_URL', '', NULL, 1277994160, 0, '', 0),
(19475, 98, 'VALUE_WIDTH', 'Breite in Pixeln', NULL, 1277994191, 0, '', 0),
(19476, 97, 'VALUE_WIDTH', 'Width in pixels', NULL, 1277994191, 0, '', 0),
(19477, 99, 'VALUE_WIDTH', '', NULL, 1277994191, 0, '', 0),
(19478, 100, 'VALUE_WIDTH', '', NULL, 1277994191, 0, '', 0),
(19479, 101, 'VALUE_WIDTH', '', NULL, 1277994191, 0, '', 0),
(19480, 102, 'VALUE_WIDTH', '', NULL, 1277994191, 0, '', 0),
(19481, 103, 'VALUE_WIDTH', '', NULL, 1277994191, 0, '', 0),
(19482, 98, 'VALUE_EMAIL', 'Optional: ihre Email', NULL, 1277994219, 0, '', 0),
(19483, 97, 'VALUE_EMAIL', 'Optional: Your e-mail', NULL, 1277994219, 0, '', 0),
(19484, 99, 'VALUE_EMAIL', '', NULL, 1277994219, 0, '', 0),
(19485, 100, 'VALUE_EMAIL', '', NULL, 1277994219, 0, '', 0),
(19486, 101, 'VALUE_EMAIL', '', NULL, 1277994219, 0, '', 0),
(19487, 102, 'VALUE_EMAIL', '', NULL, 1277994219, 0, '', 0),
(19488, 103, 'VALUE_EMAIL', '', NULL, 1277994219, 0, '', 0),
(19489, 98, 'PLUGINS_BLOGS', 'Plugins für Blogs & CMS', NULL, 1278310679, 0, '', 0),
(19490, 97, 'PLUGINS_BLOGS', 'Plugins for Blogs & CMS', NULL, 1278310679, 0, '', 0),
(19491, 99, 'PLUGINS_BLOGS', '', NULL, 1278310679, 0, '', 0),
(19492, 100, 'PLUGINS_BLOGS', '', NULL, 1278310679, 0, '', 0),
(19493, 101, 'PLUGINS_BLOGS', '', NULL, 1278310679, 0, '', 0),
(19494, 102, 'PLUGINS_BLOGS', '', NULL, 1278310679, 0, '', 0),
(19495, 103, 'PLUGINS_BLOGS', '', NULL, 1278310679, 0, '', 0),
(19496, 98, 'PLUGIN_WORDPRESS', 'WordPress (ihre eigene Installation)', NULL, 1278311137, 0, '', 0),
(19497, 97, 'PLUGIN_WORDPRESS', 'WordPress (your own install)', NULL, 1278311137, 0, '', 0),
(19498, 99, 'PLUGIN_WORDPRESS', '', NULL, 1278311137, 0, '', 0),
(19499, 100, 'PLUGIN_WORDPRESS', '', NULL, 1278311137, 0, '', 0),
(19500, 101, 'PLUGIN_WORDPRESS', '', NULL, 1278311137, 0, '', 0),
(19501, 102, 'PLUGIN_WORDPRESS', '', NULL, 1278311137, 0, '', 0),
(19502, 103, 'PLUGIN_WORDPRESS', '', NULL, 1278311137, 0, '', 0),
(19503, 98, 'SETUP_INSTRUCTIONS', 'Einbauanleitungen für andere Systeme', NULL, 1278311568, 0, '', 0),
(19504, 97, 'SETUP_INSTRUCTIONS', 'Instructions for other Sytems', NULL, 1278311568, 0, '', 0),
(19505, 99, 'SETUP_INSTRUCTIONS', '', NULL, 1278311568, 0, '', 0),
(19506, 100, 'SETUP_INSTRUCTIONS', '', NULL, 1278311568, 0, '', 0),
(19507, 101, 'SETUP_INSTRUCTIONS', '', NULL, 1278311568, 0, '', 0),
(19508, 102, 'SETUP_INSTRUCTIONS', '', NULL, 1278311568, 0, '', 0),
(19509, 103, 'SETUP_INSTRUCTIONS', '', NULL, 1278311568, 0, '', 0),
(19510, 98, 'API_EXPLANATION', 'Wir bereiten unsere eigene API vor, welche ein oAuth 2 Authorisierungsverfahren mit Webhooks kombinieren wird, um likes und dislikes auf ihre Website zu posten.\r\n<br/><br/>\r\nFalls Sie Interesse haben zu unseren Launchpartnern für dieses Feature zu gehören, senden Sie uns bitte eine Email an untenstehende Adresse.', NULL, 1278311889, 0, '', 0),
(19511, 97, 'API_EXPLANATION', 'We''re preparing our own API, which will combine oAuth 2 authorization with webhooks to post likes and dislikes to your site. Please send us an email, if you''re interested to be one of our launch partners.', NULL, 1278311889, 0, '', 0),
(19512, 99, 'API_EXPLANATION', '', NULL, 1278311889, 0, '', 0),
(19513, 100, 'API_EXPLANATION', '', NULL, 1278311889, 0, '', 0),
(19514, 101, 'API_EXPLANATION', '', NULL, 1278311889, 0, '', 0),
(19515, 102, 'API_EXPLANATION', '', NULL, 1278311889, 0, '', 0),
(19516, 103, 'API_EXPLANATION', '', NULL, 1278311889, 0, '', 0),
(19517, 98, 'HEADLINE_WEBMASTERS', 'Für Webmaster & Entwickler', NULL, 1278311996, 0, '', 0),
(19518, 97, 'HEADLINE_WEBMASTERS', 'For Webmasters & Developers', NULL, 1278311996, 0, '', 0),
(19519, 99, 'HEADLINE_WEBMASTERS', '', NULL, 1278311996, 0, '', 0),
(19520, 100, 'HEADLINE_WEBMASTERS', '', NULL, 1278311996, 0, '', 0),
(19521, 101, 'HEADLINE_WEBMASTERS', '', NULL, 1278311996, 0, '', 0),
(19522, 102, 'HEADLINE_WEBMASTERS', '', NULL, 1278311996, 0, '', 0),
(19523, 103, 'HEADLINE_WEBMASTERS', '', NULL, 1278311996, 0, '', 0),
(19524, 98, 'LIKE', 'Gefällt mir', NULL, 1278312593, 0, '', 0),
(19525, 97, 'LIKE', 'Like', NULL, 1278312593, 0, '', 0),
(19526, 99, 'LIKE', '', NULL, 1278312593, 0, '', 0),
(19527, 100, 'LIKE', '', NULL, 1278312593, 0, '', 0),
(19528, 101, 'LIKE', '', NULL, 1278312593, 0, '', 0),
(19529, 102, 'LIKE', '', NULL, 1278312593, 0, '', 0),
(19530, 103, 'LIKE', '', NULL, 1278312593, 0, '', 0),
(19531, 98, 'LIKE_DISLIKE', 'Gefällt mir &amp; Gefällt mir nicht', NULL, 1278312631, 0, '', 0),
(19532, 97, 'LIKE_DISLIKE', 'Like &amp; Dislike', NULL, 1278312631, 0, '', 0),
(19533, 99, 'LIKE_DISLIKE', '', NULL, 1278312631, 0, '', 0),
(19534, 100, 'LIKE_DISLIKE', '', NULL, 1278312631, 0, '', 0),
(19535, 101, 'LIKE_DISLIKE', '', NULL, 1278312631, 0, '', 0),
(19536, 102, 'LIKE_DISLIKE', '', NULL, 1278312631, 0, '', 0),
(19537, 103, 'LIKE_DISLIKE', '', NULL, 1278312631, 0, '', 0),
(19538, 98, 'MANDATORY_PARAMETERS', 'Pflichtfelder:', NULL, 1278312661, 0, '', 0),
(19539, 97, 'MANDATORY_PARAMETERS', 'Mandatory Parameters:', NULL, 1278312661, 0, '', 0),
(19540, 99, 'MANDATORY_PARAMETERS', '', NULL, 1278312661, 0, '', 0),
(19541, 100, 'MANDATORY_PARAMETERS', '', NULL, 1278312661, 0, '', 0),
(19542, 101, 'MANDATORY_PARAMETERS', '', NULL, 1278312661, 0, '', 0),
(19543, 102, 'MANDATORY_PARAMETERS', '', NULL, 1278312661, 0, '', 0),
(19544, 103, 'MANDATORY_PARAMETERS', '', NULL, 1278312661, 0, '', 0),
(19552, 98, 'BUTTON_TEXT', 'Positiver Button-Text in Englisch (like, pro, recommend, visit, nice, buy, rsvp)', NULL, 1278312782, 0, '', 0),
(19553, 97, 'BUTTON_TEXT', 'positive button text in English (like, pro, recommend, visit, nice, buy, rsvp)', NULL, 1278312782, 0, '', 0),
(19554, 99, 'BUTTON_TEXT', '', NULL, 1278312782, 0, '', 0),
(19555, 100, 'BUTTON_TEXT', '', NULL, 1278312782, 0, '', 0),
(19556, 101, 'BUTTON_TEXT', '', NULL, 1278312782, 0, '', 0),
(19557, 102, 'BUTTON_TEXT', '', NULL, 1278312782, 0, '', 0),
(19558, 103, 'BUTTON_TEXT', '', NULL, 1278312782, 0, '', 0),
(19559, 98, 'LIKE_URL', 'Die zu likende / dislikende URL (url-encoded)', NULL, 1278312836, 0, '', 0),
(19560, 97, 'LIKE_URL', 'the URL to like / dislike (url-encoded)', NULL, 1278312836, 0, '', 0),
(19561, 99, 'LIKE_URL', '', NULL, 1278312836, 0, '', 0),
(19562, 100, 'LIKE_URL', '', NULL, 1278312836, 0, '', 0),
(19563, 101, 'LIKE_URL', '', NULL, 1278312836, 0, '', 0),
(19564, 102, 'LIKE_URL', '', NULL, 1278312836, 0, '', 0),
(19565, 103, 'LIKE_URL', '', NULL, 1278312836, 0, '', 0),
(19566, 98, 'OPTIONAL_PARAMTERS', 'Optionale Parameter:', NULL, 1278312865, 0, '', 0),
(19567, 97, 'OPTIONAL_PARAMTERS', 'Optional Parameters:', NULL, 1278312865, 0, '', 0),
(19568, 99, 'OPTIONAL_PARAMTERS', '', NULL, 1278312865, 0, '', 0),
(19569, 100, 'OPTIONAL_PARAMTERS', '', NULL, 1278312865, 0, '', 0),
(19570, 101, 'OPTIONAL_PARAMTERS', '', NULL, 1278312865, 0, '', 0),
(19571, 102, 'OPTIONAL_PARAMTERS', '', NULL, 1278312865, 0, '', 0),
(19572, 103, 'OPTIONAL_PARAMTERS', '', NULL, 1278312865, 0, '', 0),
(19573, 98, 'DEFAULT_FONT', 'Default ist "Arial"', NULL, 1278312895, 0, '', 0),
(19574, 97, 'DEFAULT_FONT', 'default is "Arial"', NULL, 1278312895, 0, '', 0),
(19575, 99, 'DEFAULT_FONT', '', NULL, 1278312895, 0, '', 0),
(19576, 100, 'DEFAULT_FONT', '', NULL, 1278312895, 0, '', 0),
(19577, 101, 'DEFAULT_FONT', '', NULL, 1278312895, 0, '', 0),
(19578, 102, 'DEFAULT_FONT', '', NULL, 1278312895, 0, '', 0),
(19579, 103, 'DEFAULT_FONT', '', NULL, 1278312895, 0, '', 0),
(19580, 98, 'DEFAULT_COLOR', 'Farbe des Textes rechts vom Button im Hex Code Format, z.B. "#ffffff" für weiß (url-encoded)', NULL, 1278312940, 0, '', 0),
(19581, 97, 'DEFAULT_COLOR', 'of the text in hex code format like "#ffffff" for white (url-encoded)', NULL, 1278312940, 0, '', 0),
(19582, 99, 'DEFAULT_COLOR', '', NULL, 1278312940, 0, '', 0),
(19583, 100, 'DEFAULT_COLOR', '', NULL, 1278312940, 0, '', 0),
(19584, 101, 'DEFAULT_COLOR', '', NULL, 1278312940, 0, '', 0),
(19585, 102, 'DEFAULT_COLOR', '', NULL, 1278312940, 0, '', 0),
(19586, 103, 'DEFAULT_COLOR', '', NULL, 1278312940, 0, '', 0),
(19587, 98, 'PAGE_TITLE', 'Seiten-Titel (url-encoded)', NULL, 1278313757, 0, '', 0),
(19588, 97, 'PAGE_TITLE', 'page title (url-encoded)', NULL, 1278313757, 0, '', 0),
(19589, 99, 'PAGE_TITLE', '', NULL, 1278313757, 0, '', 0),
(19590, 100, 'PAGE_TITLE', '', NULL, 1278313757, 0, '', 0),
(19591, 101, 'PAGE_TITLE', '', NULL, 1278313757, 0, '', 0),
(19592, 102, 'PAGE_TITLE', '', NULL, 1278313757, 0, '', 0),
(19593, 103, 'PAGE_TITLE', '', NULL, 1278313757, 0, '', 0),
(19594, 98, 'WORDINGSELECT_LIKE', 'Gefällt mir/ nicht', NULL, 1278313866, 0, '', 0),
(19595, 97, 'WORDINGSELECT_LIKE', 'like/ dislike', NULL, 1278313866, 0, '', 0),
(19596, 99, 'WORDINGSELECT_LIKE', '', NULL, 1278313866, 0, '', 0),
(19597, 100, 'WORDINGSELECT_LIKE', '', NULL, 1278313866, 0, '', 0),
(19598, 101, 'WORDINGSELECT_LIKE', '', NULL, 1278313866, 0, '', 0),
(19599, 102, 'WORDINGSELECT_LIKE', '', NULL, 1278313866, 0, '', 0),
(19600, 103, 'WORDINGSELECT_LIKE', '', NULL, 1278313866, 0, '', 0),
(19601, 98, 'WORDINGSELECT_PRO', 'dafür/ dagegen', NULL, 1278313880, 0, '', 0),
(19602, 97, 'WORDINGSELECT_PRO', 'pro/ contra', NULL, 1278313880, 0, '', 0),
(19603, 99, 'WORDINGSELECT_PRO', '', NULL, 1278313880, 0, '', 0),
(19604, 100, 'WORDINGSELECT_PRO', '', NULL, 1278313880, 0, '', 0),
(19605, 101, 'WORDINGSELECT_PRO', '', NULL, 1278313880, 0, '', 0),
(19606, 102, 'WORDINGSELECT_PRO', '', NULL, 1278313880, 0, '', 0),
(19607, 103, 'WORDINGSELECT_PRO', '', NULL, 1278313880, 0, '', 0),
(19608, 98, 'WORDINGSELECT_RECOMMEND', 'zu empfehlen/ nicht', NULL, 1278313891, 0, '', 0),
(19609, 97, 'WORDINGSELECT_RECOMMEND', 'recommend/ not', NULL, 1278313891, 0, '', 0),
(19610, 99, 'WORDINGSELECT_RECOMMEND', '', NULL, 1278313891, 0, '', 0),
(19611, 100, 'WORDINGSELECT_RECOMMEND', '', NULL, 1278313891, 0, '', 0),
(19612, 101, 'WORDINGSELECT_RECOMMEND', '', NULL, 1278313891, 0, '', 0),
(19613, 102, 'WORDINGSELECT_RECOMMEND', '', NULL, 1278313891, 0, '', 0),
(19614, 103, 'WORDINGSELECT_RECOMMEND', '', NULL, 1278313891, 0, '', 0),
(19615, 98, 'CONTENT_SUMMARY', 'Kurze Inhaltsangabe (url-encoded)', NULL, 1278313915, 0, '', 0),
(19616, 97, 'CONTENT_SUMMARY', 'short summary (url-encoded)', NULL, 1278313915, 0, '', 0),
(19617, 99, 'CONTENT_SUMMARY', '', NULL, 1278313915, 0, '', 0),
(19618, 100, 'CONTENT_SUMMARY', '', NULL, 1278313915, 0, '', 0),
(19619, 101, 'CONTENT_SUMMARY', '', NULL, 1278313915, 0, '', 0),
(19620, 102, 'CONTENT_SUMMARY', '', NULL, 1278313915, 0, '', 0),
(19621, 103, 'CONTENT_SUMMARY', '', NULL, 1278313915, 0, '', 0),
(19622, 98, 'WORDINGSELECT_VISIT', 'war da/ nicht', NULL, 1278313919, 0, '', 0),
(19623, 97, 'WORDINGSELECT_VISIT', 'been there/ not', NULL, 1278313919, 0, '', 0),
(19624, 99, 'WORDINGSELECT_VISIT', '', NULL, 1278313919, 0, '', 0),
(19625, 100, 'WORDINGSELECT_VISIT', '', NULL, 1278313919, 0, '', 0),
(19626, 101, 'WORDINGSELECT_VISIT', '', NULL, 1278313919, 0, '', 0),
(19627, 102, 'WORDINGSELECT_VISIT', '', NULL, 1278313919, 0, '', 0),
(19628, 103, 'WORDINGSELECT_VISIT', '', NULL, 1278313919, 0, '', 0),
(19629, 98, 'WORDINGSELECT_NICE', 'schön/ häßlich', NULL, 1278313934, 0, '', 0),
(19630, 97, 'WORDINGSELECT_NICE', 'beautiful/ ugly', NULL, 1278313934, 0, '', 0),
(19631, 99, 'WORDINGSELECT_NICE', '', NULL, 1278313934, 0, '', 0),
(19632, 100, 'WORDINGSELECT_NICE', '', NULL, 1278313934, 0, '', 0),
(19633, 101, 'WORDINGSELECT_NICE', '', NULL, 1278313934, 0, '', 0),
(19634, 102, 'WORDINGSELECT_NICE', '', NULL, 1278313934, 0, '', 0),
(19635, 103, 'WORDINGSELECT_NICE', '', NULL, 1278313934, 0, '', 0),
(19636, 98, 'PHOTO_URL', 'URL eines Fotos aus dem Post (url-encoded)', NULL, 1278313944, 0, '', 0),
(19637, 97, 'PHOTO_URL', 'URL of an image from your post (url-encoded)', NULL, 1278313944, 0, '', 0),
(19638, 99, 'PHOTO_URL', '', NULL, 1278313944, 0, '', 0),
(19639, 100, 'PHOTO_URL', '', NULL, 1278313944, 0, '', 0),
(19640, 101, 'PHOTO_URL', '', NULL, 1278313944, 0, '', 0),
(19641, 102, 'PHOTO_URL', '', NULL, 1278313944, 0, '', 0),
(19642, 103, 'PHOTO_URL', '', NULL, 1278313944, 0, '', 0),
(19643, 98, 'WORDINGSELECT_BUY', 'will ich/ nicht', NULL, 1278313946, 0, '', 0),
(19644, 97, 'WORDINGSELECT_BUY', 'want!/ not', NULL, 1278313946, 0, '', 0),
(19645, 99, 'WORDINGSELECT_BUY', '', NULL, 1278313946, 0, '', 0),
(19646, 100, 'WORDINGSELECT_BUY', '', NULL, 1278313946, 0, '', 0),
(19647, 101, 'WORDINGSELECT_BUY', '', NULL, 1278313946, 0, '', 0),
(19648, 102, 'WORDINGSELECT_BUY', '', NULL, 1278313946, 0, '', 0),
(19649, 103, 'WORDINGSELECT_BUY', '', NULL, 1278313946, 0, '', 0),
(19650, 98, 'MAXIMUM_LENGHT', 'Maximale Gesamtlänge: 2000 Zeichen.', NULL, 1278313978, 0, '', 0),
(19651, 97, 'MAXIMUM_LENGHT', 'Max. overall length: 2,000 characters.', NULL, 1278313978, 0, '', 0),
(19652, 99, 'MAXIMUM_LENGHT', '', NULL, 1278313978, 0, '', 0),
(19653, 100, 'MAXIMUM_LENGHT', '', NULL, 1278313978, 0, '', 0),
(19654, 101, 'MAXIMUM_LENGHT', '', NULL, 1278313978, 0, '', 0),
(19655, 102, 'MAXIMUM_LENGHT', '', NULL, 1278313978, 0, '', 0),
(19656, 103, 'MAXIMUM_LENGHT', '', NULL, 1278313978, 0, '', 0),
(19657, 98, 'INTERNATIONAL_COUNTRY_CODE', 'Internationaler Ländercode (ISO 3166)', NULL, 1278314047, 0, '', 0),
(19658, 97, 'INTERNATIONAL_COUNTRY_CODE', 'international country code (ISO 3166)', NULL, 1278314047, 0, '', 0),
(19659, 99, 'INTERNATIONAL_COUNTRY_CODE', '', NULL, 1278314047, 0, '', 0),
(19660, 100, 'INTERNATIONAL_COUNTRY_CODE', '', NULL, 1278314047, 0, '', 0),
(19661, 101, 'INTERNATIONAL_COUNTRY_CODE', '', NULL, 1278314047, 0, '', 0),
(19662, 102, 'INTERNATIONAL_COUNTRY_CODE', '', NULL, 1278314047, 0, '', 0),
(19663, 103, 'INTERNATIONAL_COUNTRY_CODE', '', NULL, 1278314047, 0, '', 0),
(19664, 98, 'CONFIGURATOR_HELP_TEXT', 'Dieser Code ist eine Mustervorlage um eigene Entwicklungen für CMS, Blogs oder eCommerce Plattformen zu bauen. Sofort funktionsfähigen Code erhalten Sie mit unserem %1!', NULL, 1278316356, 0, '', 0),
(19665, 97, 'CONFIGURATOR_HELP_TEXT', 'Use this template, if you are creating your own plugin, or if you are implementing a custom solution for your cms, blog or ecommerce platform. For cut, copy and paste working code please use our %1!', NULL, 1278316356, 0, '', 0),
(19666, 99, 'CONFIGURATOR_HELP_TEXT', '', NULL, 1278316356, 0, '', 0),
(19667, 100, 'CONFIGURATOR_HELP_TEXT', '', NULL, 1278316356, 0, '', 0),
(19668, 101, 'CONFIGURATOR_HELP_TEXT', '', NULL, 1278316356, 0, '', 0),
(19669, 102, 'CONFIGURATOR_HELP_TEXT', '', NULL, 1278316356, 0, '', 0),
(19670, 103, 'CONFIGURATOR_HELP_TEXT', '', NULL, 1278316356, 0, '', 0),
(19671, 98, 'CONFIGURATOR', 'Konfigurator', NULL, 1278316511, 0, '', 0),
(19672, 97, 'CONFIGURATOR', 'Configurator', NULL, 1278316511, 0, '', 0),
(19673, 99, 'CONFIGURATOR', '', NULL, 1278316511, 0, '', 0),
(19674, 100, 'CONFIGURATOR', '', NULL, 1278316511, 0, '', 0),
(19675, 101, 'CONFIGURATOR', '', NULL, 1278316511, 0, '', 0),
(19676, 102, 'CONFIGURATOR', '', NULL, 1278316511, 0, '', 0),
(19677, 103, 'CONFIGURATOR', '', NULL, 1278316511, 0, '', 0),
(19685, 98, 'TESTIMONIAL_PUBLISHER', '<div style="display:none"></div>', NULL, 1278320719, 0, '', 0),
(19686, 97, 'TESTIMONIAL_PUBLISHER', '<div style="display:none;">\r\n\r\n</div>', NULL, 1278320719, 0, '', 0),
(19687, 99, 'TESTIMONIAL_PUBLISHER', '', NULL, 1278320719, 0, '', 0),
(19688, 100, 'TESTIMONIAL_PUBLISHER', '', NULL, 1278320719, 0, '', 0),
(19689, 101, 'TESTIMONIAL_PUBLISHER', '', NULL, 1278320719, 0, '', 0),
(19690, 102, 'TESTIMONIAL_PUBLISHER', '', NULL, 1278320719, 0, '', 0),
(19691, 103, 'TESTIMONIAL_PUBLISHER', '', NULL, 1278320719, 0, '', 0),
(19692, 98, 'TESTIMONIAL_SHOPS', '<div id="testimonial" class="small_size right">\r\n<div class="clearfix" id="user_information">\r\n      %1\r\n	    <div class="left">\r\n	      <h3>Harald Wagner</h3>\r\n	      <p>shopprops.de</p>\r\n	    </div>\r\n	  </div>\r\n	  <blockquote>\r\nDer yiid.it Button vereint meinen Social Graph. Mit einem Klick empfehle ich nicht nur meinen Leuten auf Facebook, sondern fast Jedem und zwar überall wo ich mich so im Netz bewege.<br/><br/>\r\n	  Auch wenn ich persönlich die „Dislike“-Funktion überflüssig finde - weil es die „Disserei“ wegen Kleinkram im Netz noch einfacher macht - bringt der beidseitige Blickwinkel  doch auch mehr Transparenz.<br/><br/>\r\nZusammengefasst ist der yiid.it Button eine konsequente Weiterentwicklung das dezentrale Netz etwas mehr zu vereinen. Mit dem yiid.it- Button habe ich mit einen Klick mehr Reichweite.</blockquote>\r\n</div>\r\n\r\n\r\n', NULL, 1278320905, 0, '', 0),
(19693, 97, 'TESTIMONIAL_SHOPS', '<div style="display:none"></div>', NULL, 1278320905, 0, '', 0),
(19694, 99, 'TESTIMONIAL_SHOPS', '', NULL, 1278320905, 0, '', 0),
(19695, 100, 'TESTIMONIAL_SHOPS', '', NULL, 1278320905, 0, '', 0),
(19696, 101, 'TESTIMONIAL_SHOPS', '', NULL, 1278320905, 0, '', 0),
(19697, 102, 'TESTIMONIAL_SHOPS', '', NULL, 1278320905, 0, '', 0),
(19698, 103, 'TESTIMONIAL_SHOPS', '', NULL, 1278320905, 0, '', 0),
(19699, 98, 'TESTIMONIAL_NONPROFITS', '<div style="display:none"></div>', NULL, 1278320983, 0, '', 0),
(19700, 97, 'TESTIMONIAL_NONPROFITS', '<div style="display:none"></div>', NULL, 1278320983, 0, '', 0),
(19701, 99, 'TESTIMONIAL_NONPROFITS', '', NULL, 1278320983, 0, '', 0),
(19702, 100, 'TESTIMONIAL_NONPROFITS', '', NULL, 1278320983, 0, '', 0),
(19703, 101, 'TESTIMONIAL_NONPROFITS', '', NULL, 1278320983, 0, '', 0),
(19704, 102, 'TESTIMONIAL_NONPROFITS', '', NULL, 1278320983, 0, '', 0),
(19705, 103, 'TESTIMONIAL_NONPROFITS', '', NULL, 1278320983, 0, '', 0),
(19713, 105, 'POSTAPI_MESSAGE_LIKE', 'gefällt %title%', NULL, 1278323768, 0, '', 0),
(19714, 104, 'POSTAPI_MESSAGE_LIKE', 'likes %title%', NULL, 1278323768, 0, '', 0),
(19715, 106, 'POSTAPI_MESSAGE_LIKE', '', NULL, 1278323768, 0, '', 0),
(19716, 107, 'POSTAPI_MESSAGE_LIKE', '', NULL, 1278323768, 0, '', 0),
(19717, 108, 'POSTAPI_MESSAGE_LIKE', '', NULL, 1278323768, 0, '', 0),
(19718, 109, 'POSTAPI_MESSAGE_LIKE', '', NULL, 1278323768, 0, '', 0),
(19719, 110, 'POSTAPI_MESSAGE_LIKE', '', NULL, 1278323768, 0, '', 0),
(19720, 105, 'POSTAPI_MESSAGE_LIKE_NOT', 'gefällt %title% nicht', NULL, 1278323776, 0, '', 0),
(19721, 104, 'POSTAPI_MESSAGE_LIKE_NOT', 'dislikes %title%', NULL, 1278323776, 0, '', 0),
(19722, 106, 'POSTAPI_MESSAGE_LIKE_NOT', '', NULL, 1278323776, 0, '', 0),
(19723, 107, 'POSTAPI_MESSAGE_LIKE_NOT', '', NULL, 1278323776, 0, '', 0),
(19724, 108, 'POSTAPI_MESSAGE_LIKE_NOT', '', NULL, 1278323776, 0, '', 0),
(19725, 109, 'POSTAPI_MESSAGE_LIKE_NOT', '', NULL, 1278323776, 0, '', 0),
(19726, 110, 'POSTAPI_MESSAGE_LIKE_NOT', '', NULL, 1278323776, 0, '', 0),
(19727, 98, 'PLEASE_TAKE_CARE', 'Bitte beachten Sie auch unsere Einbauanleitungen für Ihr System!', NULL, 1278328346, 0, '', 0),
(19728, 97, 'PLEASE_TAKE_CARE', 'Please also check our how-to section for your cms or blog!', NULL, 1278328346, 0, '', 0),
(19729, 99, 'PLEASE_TAKE_CARE', '', NULL, 1278328346, 0, '', 0),
(19730, 100, 'PLEASE_TAKE_CARE', '', NULL, 1278328346, 0, '', 0),
(19731, 101, 'PLEASE_TAKE_CARE', '', NULL, 1278328346, 0, '', 0),
(19732, 102, 'PLEASE_TAKE_CARE', '', NULL, 1278328346, 0, '', 0),
(19733, 103, 'PLEASE_TAKE_CARE', '', NULL, 1278328346, 0, '', 0),
(19734, 98, 'CHOOSE_PLUGINS', '(oder wählen Sie eines unserer zahlreichen Plugins für Blogs oder CMS)', NULL, 1278328468, 0, '', 0),
(19735, 97, 'CHOOSE_PLUGINS', '(or choose a plugin for your blog or cms here)', NULL, 1278328468, 0, '', 0),
(19736, 99, 'CHOOSE_PLUGINS', '', NULL, 1278328468, 0, '', 0);
INSERT INTO `trans_unit` (`id`, `cat_id`, `source`, `target`, `comments`, `date_added`, `date_modified`, `author`, `translated`) VALUES
(19737, 100, 'CHOOSE_PLUGINS', '', NULL, 1278328468, 0, '', 0),
(19738, 101, 'CHOOSE_PLUGINS', '', NULL, 1278328468, 0, '', 0),
(19739, 102, 'CHOOSE_PLUGINS', '', NULL, 1278328468, 0, '', 0),
(19740, 103, 'CHOOSE_PLUGINS', '', NULL, 1278328468, 0, '', 0),
(19741, 98, 'WORDINGSELECT_RSVP', 'komme/ nicht', NULL, 1278335925, 0, '', 0),
(19742, 97, 'WORDINGSELECT_RSVP', 'attending/ not', NULL, 1278335925, 0, '', 0),
(19743, 99, 'WORDINGSELECT_RSVP', '', NULL, 1278335925, 0, '', 0),
(19744, 100, 'WORDINGSELECT_RSVP', '', NULL, 1278335925, 0, '', 0),
(19745, 101, 'WORDINGSELECT_RSVP', '', NULL, 1278335926, 0, '', 0),
(19746, 102, 'WORDINGSELECT_RSVP', '', NULL, 1278335926, 0, '', 0),
(19747, 103, 'WORDINGSELECT_RSVP', '', NULL, 1278335926, 0, '', 0),
(19748, 98, 'LABEL_FONTCOLOR', 'Standard: Farbe #000000', NULL, 1278336931, 0, '', 0),
(19749, 97, 'LABEL_FONTCOLOR', 'Default: Font #000000', NULL, 1278336931, 0, '', 0),
(19750, 99, 'LABEL_FONTCOLOR', '', NULL, 1278336931, 0, '', 0),
(19751, 100, 'LABEL_FONTCOLOR', '', NULL, 1278336931, 0, '', 0),
(19752, 101, 'LABEL_FONTCOLOR', '', NULL, 1278336931, 0, '', 0),
(19753, 102, 'LABEL_FONTCOLOR', '', NULL, 1278336931, 0, '', 0),
(19754, 103, 'LABEL_FONTCOLOR', '', NULL, 1278336931, 0, '', 0),
(19755, 105, 'WIDGET_MESSAGE_AUTHENTICATION_FAILURE', 'Um diesen Dienst zu nutzen, musst du dich <a href=''%url%'' style=''color: #ff0000'' onclick=YiidUtils.openPopup(%url%); target=''popup''>anmelden</a>.', NULL, 1278341235, 0, '', 0),
(19756, 104, 'WIDGET_MESSAGE_AUTHENTICATION_FAILURE', 'Please <a href=''%url%'' style=''color: #ff0000'' onclick=YiidUtils.openPopup(%url%); target=''popup''>login</a> or signup to use this service.', NULL, 1278341235, 0, '', 0),
(19757, 106, 'WIDGET_MESSAGE_AUTHENTICATION_FAILURE', '', NULL, 1278341235, 0, '', 0),
(19758, 107, 'WIDGET_MESSAGE_AUTHENTICATION_FAILURE', '', NULL, 1278341235, 0, '', 0),
(19759, 108, 'WIDGET_MESSAGE_AUTHENTICATION_FAILURE', '', NULL, 1278341235, 0, '', 0),
(19760, 109, 'WIDGET_MESSAGE_AUTHENTICATION_FAILURE', '', NULL, 1278341235, 0, '', 0),
(19761, 110, 'WIDGET_MESSAGE_AUTHENTICATION_FAILURE', '', NULL, 1278341235, 0, '', 0),
(19762, 105, 'POSTAPI_MESSAGE_RECOMMEND', 'empfiehlt: %title%', NULL, 1278343797, 0, '', 0),
(19763, 104, 'POSTAPI_MESSAGE_RECOMMEND', 'recommends: %title%', NULL, 1278343797, 0, '', 0),
(19764, 106, 'POSTAPI_MESSAGE_RECOMMEND', '', NULL, 1278343797, 0, '', 0),
(19765, 107, 'POSTAPI_MESSAGE_RECOMMEND', '', NULL, 1278343797, 0, '', 0),
(19766, 108, 'POSTAPI_MESSAGE_RECOMMEND', '', NULL, 1278343797, 0, '', 0),
(19767, 109, 'POSTAPI_MESSAGE_RECOMMEND', '', NULL, 1278343797, 0, '', 0),
(19768, 110, 'POSTAPI_MESSAGE_RECOMMEND', '', NULL, 1278343797, 0, '', 0),
(19769, 105, 'POSTAPI_MESSAGE_RECOMMEND_NOT', 'empfiehlt nicht: %title%', NULL, 1278343805, 0, '', 0),
(19770, 104, 'POSTAPI_MESSAGE_RECOMMEND_NOT', 'doesn''t recommend: %title%', NULL, 1278343805, 0, '', 0),
(19771, 106, 'POSTAPI_MESSAGE_RECOMMEND_NOT', '', NULL, 1278343805, 0, '', 0),
(19772, 107, 'POSTAPI_MESSAGE_RECOMMEND_NOT', '', NULL, 1278343805, 0, '', 0),
(19773, 108, 'POSTAPI_MESSAGE_RECOMMEND_NOT', '', NULL, 1278343805, 0, '', 0),
(19774, 109, 'POSTAPI_MESSAGE_RECOMMEND_NOT', '', NULL, 1278343805, 0, '', 0),
(19775, 110, 'POSTAPI_MESSAGE_RECOMMEND_NOT', '', NULL, 1278343805, 0, '', 0),
(19776, 105, 'POSTAPI_MESSAGE_PRO', 'ist für: %title%', NULL, 1278345148, 0, '', 0),
(19777, 104, 'POSTAPI_MESSAGE_PRO', 'is pro: %title%', NULL, 1278345148, 0, '', 0),
(19778, 106, 'POSTAPI_MESSAGE_PRO', '', NULL, 1278345148, 0, '', 0),
(19779, 107, 'POSTAPI_MESSAGE_PRO', '', NULL, 1278345148, 0, '', 0),
(19780, 108, 'POSTAPI_MESSAGE_PRO', '', NULL, 1278345148, 0, '', 0),
(19781, 109, 'POSTAPI_MESSAGE_PRO', '', NULL, 1278345148, 0, '', 0),
(19782, 110, 'POSTAPI_MESSAGE_PRO', '', NULL, 1278345148, 0, '', 0),
(19783, 105, 'POSTAPI_MESSAGE_PRO_NOT', 'ist gegen: %title%', NULL, 1278345155, 0, '', 0),
(19784, 104, 'POSTAPI_MESSAGE_PRO_NOT', 'is contra: %title%', NULL, 1278345155, 0, '', 0),
(19785, 106, 'POSTAPI_MESSAGE_PRO_NOT', '', NULL, 1278345155, 0, '', 0),
(19786, 107, 'POSTAPI_MESSAGE_PRO_NOT', '', NULL, 1278345155, 0, '', 0),
(19787, 108, 'POSTAPI_MESSAGE_PRO_NOT', '', NULL, 1278345155, 0, '', 0),
(19788, 109, 'POSTAPI_MESSAGE_PRO_NOT', '', NULL, 1278345155, 0, '', 0),
(19789, 110, 'POSTAPI_MESSAGE_PRO_NOT', '', NULL, 1278345155, 0, '', 0),
(19790, 105, 'POSTAPI_MESSAGE_VISIT', 'war da: %title%', NULL, 1278345166, 0, '', 0),
(19791, 104, 'POSTAPI_MESSAGE_VISIT', 'was here: %title%', NULL, 1278345166, 0, '', 0),
(19792, 106, 'POSTAPI_MESSAGE_VISIT', '', NULL, 1278345166, 0, '', 0),
(19793, 107, 'POSTAPI_MESSAGE_VISIT', '', NULL, 1278345166, 0, '', 0),
(19794, 108, 'POSTAPI_MESSAGE_VISIT', '', NULL, 1278345166, 0, '', 0),
(19795, 109, 'POSTAPI_MESSAGE_VISIT', '', NULL, 1278345166, 0, '', 0),
(19796, 110, 'POSTAPI_MESSAGE_VISIT', '', NULL, 1278345166, 0, '', 0),
(19797, 105, 'POSTAPI_MESSAGE_VISIT_NOT', 'war nicht da: %title%', NULL, 1278345175, 0, '', 0),
(19798, 104, 'POSTAPI_MESSAGE_VISIT_NOT', 'wasn''t here: %title%', NULL, 1278345175, 0, '', 0),
(19799, 106, 'POSTAPI_MESSAGE_VISIT_NOT', '', NULL, 1278345175, 0, '', 0),
(19800, 107, 'POSTAPI_MESSAGE_VISIT_NOT', '', NULL, 1278345175, 0, '', 0),
(19801, 108, 'POSTAPI_MESSAGE_VISIT_NOT', '', NULL, 1278345175, 0, '', 0),
(19802, 109, 'POSTAPI_MESSAGE_VISIT_NOT', '', NULL, 1278345175, 0, '', 0),
(19803, 110, 'POSTAPI_MESSAGE_VISIT_NOT', '', NULL, 1278345175, 0, '', 0),
(19804, 105, 'POSTAPI_MESSAGE_NICE', 'findet %title% schön', NULL, 1278345185, 0, '', 0),
(19805, 104, 'POSTAPI_MESSAGE_NICE', 'thinks that''s beautiful: %title%', NULL, 1278345185, 0, '', 0),
(19806, 106, 'POSTAPI_MESSAGE_NICE', '', NULL, 1278345185, 0, '', 0),
(19807, 107, 'POSTAPI_MESSAGE_NICE', '', NULL, 1278345185, 0, '', 0),
(19808, 108, 'POSTAPI_MESSAGE_NICE', '', NULL, 1278345185, 0, '', 0),
(19809, 109, 'POSTAPI_MESSAGE_NICE', '', NULL, 1278345185, 0, '', 0),
(19810, 110, 'POSTAPI_MESSAGE_NICE', '', NULL, 1278345185, 0, '', 0),
(19811, 105, 'POSTAPI_MESSAGE_NICE_NOT', 'findet %title% häßlich', NULL, 1278345192, 0, '', 0),
(19812, 104, 'POSTAPI_MESSAGE_NICE_NOT', 'thinks that''s ugly: %title%', NULL, 1278345192, 0, '', 0),
(19813, 106, 'POSTAPI_MESSAGE_NICE_NOT', '', NULL, 1278345192, 0, '', 0),
(19814, 107, 'POSTAPI_MESSAGE_NICE_NOT', '', NULL, 1278345192, 0, '', 0),
(19815, 108, 'POSTAPI_MESSAGE_NICE_NOT', '', NULL, 1278345192, 0, '', 0),
(19816, 109, 'POSTAPI_MESSAGE_NICE_NOT', '', NULL, 1278345192, 0, '', 0),
(19817, 110, 'POSTAPI_MESSAGE_NICE_NOT', '', NULL, 1278345192, 0, '', 0),
(19818, 105, 'POSTAPI_MESSAGE_BUY', 'will %title%', NULL, 1278345201, 0, '', 0),
(19819, 104, 'POSTAPI_MESSAGE_BUY', 'wants: %title%', NULL, 1278345201, 0, '', 0),
(19820, 106, 'POSTAPI_MESSAGE_BUY', '', NULL, 1278345201, 0, '', 0),
(19821, 107, 'POSTAPI_MESSAGE_BUY', '', NULL, 1278345201, 0, '', 0),
(19822, 108, 'POSTAPI_MESSAGE_BUY', '', NULL, 1278345201, 0, '', 0),
(19823, 109, 'POSTAPI_MESSAGE_BUY', '', NULL, 1278345201, 0, '', 0),
(19824, 110, 'POSTAPI_MESSAGE_BUY', '', NULL, 1278345201, 0, '', 0),
(19825, 105, 'POSTAPI_MESSAGE_BUY_NOT', 'will nicht: %title%', NULL, 1278345208, 0, '', 0),
(19826, 104, 'POSTAPI_MESSAGE_BUY_NOT', 'doesn''t want: %title%', NULL, 1278345208, 0, '', 0),
(19827, 106, 'POSTAPI_MESSAGE_BUY_NOT', '', NULL, 1278345208, 0, '', 0),
(19828, 107, 'POSTAPI_MESSAGE_BUY_NOT', '', NULL, 1278345208, 0, '', 0),
(19829, 108, 'POSTAPI_MESSAGE_BUY_NOT', '', NULL, 1278345208, 0, '', 0),
(19830, 109, 'POSTAPI_MESSAGE_BUY_NOT', '', NULL, 1278345208, 0, '', 0),
(19831, 110, 'POSTAPI_MESSAGE_BUY_NOT', '', NULL, 1278345208, 0, '', 0),
(19832, 105, 'POSTAPI_MESSAGE_RSVP', 'kommt zu: %title%', NULL, 1278345220, 0, '', 0),
(19833, 104, 'POSTAPI_MESSAGE_RSVP', 'is going to attend: %title%', NULL, 1278345220, 0, '', 0),
(19834, 106, 'POSTAPI_MESSAGE_RSVP', '', NULL, 1278345220, 0, '', 0),
(19835, 107, 'POSTAPI_MESSAGE_RSVP', '', NULL, 1278345220, 0, '', 0),
(19836, 108, 'POSTAPI_MESSAGE_RSVP', '', NULL, 1278345220, 0, '', 0),
(19837, 109, 'POSTAPI_MESSAGE_RSVP', '', NULL, 1278345220, 0, '', 0),
(19838, 110, 'POSTAPI_MESSAGE_RSVP', '', NULL, 1278345220, 0, '', 0),
(19839, 105, 'POSTAPI_MESSAGE_RSVP_NOT', 'kommt nicht zu: %title%', NULL, 1278345229, 0, '', 0),
(19840, 104, 'POSTAPI_MESSAGE_RSVP_NOT', 'won''t attend: %title%', NULL, 1278345229, 0, '', 0),
(19841, 106, 'POSTAPI_MESSAGE_RSVP_NOT', '', NULL, 1278345229, 0, '', 0),
(19842, 107, 'POSTAPI_MESSAGE_RSVP_NOT', '', NULL, 1278345229, 0, '', 0),
(19843, 108, 'POSTAPI_MESSAGE_RSVP_NOT', '', NULL, 1278345229, 0, '', 0),
(19844, 109, 'POSTAPI_MESSAGE_RSVP_NOT', '', NULL, 1278345229, 0, '', 0),
(19845, 110, 'POSTAPI_MESSAGE_RSVP_NOT', '', NULL, 1278345229, 0, '', 0),
(19846, 105, 'YIID_IT_HELPTEXT', 'Wenn sie den Yiid it Button zum ersten Mal nutzen, legen wir automatisch einen Account bei Yiid.com für Sie an. Yiid vereinfacht das Teilen von interessanten "Netz-Fundstücken" mit Ihren Freunden in sozialen Netzwerken erheblich: \r\n  Sie brauchen Yiid nur ein einziges Mal zu "beauftragen" ihre Button-Klicks weiterzuleiten - danach brauchen Sie sich nie mehr einzuloggen, egal auf welcher Seite sie gerade den Yiid it Button finden. \r\n  Und wenn Sie mal einen anderen Computer benutzen und deswegen nicht eingeloggt sind, brauchen Sie dies nur mit einem einzigen bisher benutzten Service zu tun - danach können Sie sofort wieder mit nur einem Klick allen \r\n  Freunden in allen ihren Netzwerken zeigen, was sie gut finden. Mit der Nutzung erkennen Sie die <a href="http://www.yiid.com/static/rechtliches/agb" target="_blank">AGB</a> von Yiid.com an.', NULL, 1278421182, 0, '', 0),
(19847, 104, 'YIID_IT_HELPTEXT', 'If you haven''t used the Yiid it button before, we will automatically create an account for you on Yiid.com, where you can manage your services, see your and your friends "Likes" and much more. By using Yiid it you agree to the <a href="http://www.yiid.com/static/rechtliches/agb" target="_blank">Terms and Conditions</a> of Yiid. If you''re a recurring user, simply choose a service that you''ve used before - we will know you and enable your former settings.', NULL, 1278421182, 0, '', 0),
(19848, 106, 'YIID_IT_HELPTEXT', '', NULL, 1278421182, 0, '', 0),
(19849, 107, 'YIID_IT_HELPTEXT', '', NULL, 1278421182, 0, '', 0),
(19850, 108, 'YIID_IT_HELPTEXT', '', NULL, 1278421182, 0, '', 0),
(19851, 109, 'YIID_IT_HELPTEXT', '', NULL, 1278421182, 0, '', 0),
(19852, 110, 'YIID_IT_HELPTEXT', '', NULL, 1278421182, 0, '', 0),
(19853, 105, 'CANCEL', 'Abbrechen', NULL, 1278421327, 0, '', 0),
(19854, 104, 'CANCEL', 'Cancel', NULL, 1278421327, 0, '', 0),
(19855, 106, 'CANCEL', '', NULL, 1278421327, 0, '', 0),
(19856, 107, 'CANCEL', '', NULL, 1278421327, 0, '', 0),
(19857, 108, 'CANCEL', '', NULL, 1278421327, 0, '', 0),
(19858, 109, 'CANCEL', '', NULL, 1278421327, 0, '', 0),
(19859, 110, 'CANCEL', '', NULL, 1278421327, 0, '', 0),
(19860, 105, 'SPREAD_DESCRIPTION1', 'Wählen Sie aus, wo ihr "Gefallen" (oder "Mißfallen") veröffentlicht werden soll:', NULL, 1278421488, 0, '', 0),
(19861, 104, 'SPREAD_DESCRIPTION1', 'Choose where your "Likes" (or "Dislikes") should be published:', NULL, 1278421488, 0, '', 0),
(19862, 106, 'SPREAD_DESCRIPTION1', '', NULL, 1278421488, 0, '', 0),
(19863, 107, 'SPREAD_DESCRIPTION1', '', NULL, 1278421488, 0, '', 0),
(19864, 108, 'SPREAD_DESCRIPTION1', '', NULL, 1278421488, 0, '', 0),
(19865, 109, 'SPREAD_DESCRIPTION1', '', NULL, 1278421488, 0, '', 0),
(19866, 110, 'SPREAD_DESCRIPTION1', '', NULL, 1278421488, 0, '', 0),
(19867, 105, 'SPREAD_DESCRIPTION2', '[Sie können mehrere Netzwerke nacheinander auswählen.]', NULL, 1278421521, 0, '', 0),
(19868, 104, 'SPREAD_DESCRIPTION2', '[You can add more than one service]', NULL, 1278421521, 0, '', 0),
(19869, 106, 'SPREAD_DESCRIPTION2', '', NULL, 1278421521, 0, '', 0),
(19870, 107, 'SPREAD_DESCRIPTION2', '', NULL, 1278421522, 0, '', 0),
(19871, 108, 'SPREAD_DESCRIPTION2', '', NULL, 1278421522, 0, '', 0),
(19872, 109, 'SPREAD_DESCRIPTION2', '', NULL, 1278421522, 0, '', 0),
(19873, 110, 'SPREAD_DESCRIPTION2', '', NULL, 1278421522, 0, '', 0),
(19874, 105, 'SETTINGS', 'Einstellungen', NULL, 1278421673, 0, '', 0),
(19875, 104, 'SETTINGS', 'Settings', NULL, 1278421673, 0, '', 0),
(19876, 106, 'SETTINGS', '', NULL, 1278421673, 0, '', 0),
(19877, 107, 'SETTINGS', '', NULL, 1278421673, 0, '', 0),
(19878, 108, 'SETTINGS', '', NULL, 1278421673, 0, '', 0),
(19879, 109, 'SETTINGS', '', NULL, 1278421673, 0, '', 0),
(19880, 110, 'SETTINGS', '', NULL, 1278421673, 0, '', 0),
(19881, 105, 'ERROR', 'Fehler', NULL, 1278421877, 0, '', 0),
(19882, 104, 'ERROR', 'Error', NULL, 1278421877, 0, '', 0),
(19883, 106, 'ERROR', '', NULL, 1278421877, 0, '', 0),
(19884, 107, 'ERROR', '', NULL, 1278421877, 0, '', 0),
(19885, 108, 'ERROR', '', NULL, 1278421877, 0, '', 0),
(19886, 109, 'ERROR', '', NULL, 1278421877, 0, '', 0),
(19887, 110, 'ERROR', '', NULL, 1278421877, 0, '', 0),
(19888, 105, 'WELCOME', 'Willkommen', NULL, 1278421916, 0, '', 0),
(19889, 104, 'WELCOME', 'Welcome', NULL, 1278421916, 0, '', 0),
(19890, 106, 'WELCOME', '', NULL, 1278421916, 0, '', 0),
(19891, 107, 'WELCOME', '', NULL, 1278421916, 0, '', 0),
(19892, 108, 'WELCOME', '', NULL, 1278421916, 0, '', 0),
(19893, 109, 'WELCOME', '', NULL, 1278421916, 0, '', 0),
(19894, 110, 'WELCOME', '', NULL, 1278421916, 0, '', 0),
(19895, 105, 'NOT_YOUR_NAME', 'Nicht %1? %2 ausloggen', NULL, 1278422123, 0, '', 0),
(19896, 104, 'NOT_YOUR_NAME', 'Not %1? Logout %2', NULL, 1278422123, 0, '', 0),
(19897, 106, 'NOT_YOUR_NAME', '', NULL, 1278422123, 0, '', 0),
(19898, 107, 'NOT_YOUR_NAME', '', NULL, 1278422123, 0, '', 0),
(19899, 108, 'NOT_YOUR_NAME', '', NULL, 1278422123, 0, '', 0),
(19900, 109, 'NOT_YOUR_NAME', '', NULL, 1278422123, 0, '', 0),
(19901, 110, 'NOT_YOUR_NAME', '', NULL, 1278422123, 0, '', 0),
(19902, 105, 'HERE', 'Hier', NULL, 1278422287, 0, '', 0),
(19903, 104, 'HERE', 'here', NULL, 1278422287, 0, '', 0),
(19904, 106, 'HERE', '', NULL, 1278422287, 0, '', 0),
(19905, 107, 'HERE', '', NULL, 1278422287, 0, '', 0),
(19906, 108, 'HERE', '', NULL, 1278422287, 0, '', 0),
(19907, 109, 'HERE', '', NULL, 1278422287, 0, '', 0),
(19908, 110, 'HERE', '', NULL, 1278422287, 0, '', 0),
(19909, 105, 'WHY_YIID_ACCOUNT', 'Warum erstellt Yiid ein Profil für mich?', NULL, 1278422351, 0, '', 0),
(19910, 104, 'WHY_YIID_ACCOUNT', 'Why does Yiid create an account for me?', NULL, 1278422351, 0, '', 0),
(19911, 106, 'WHY_YIID_ACCOUNT', '', NULL, 1278422351, 0, '', 0),
(19912, 107, 'WHY_YIID_ACCOUNT', '', NULL, 1278422351, 0, '', 0),
(19913, 108, 'WHY_YIID_ACCOUNT', '', NULL, 1278422351, 0, '', 0),
(19914, 109, 'WHY_YIID_ACCOUNT', '', NULL, 1278422351, 0, '', 0),
(19915, 110, 'WHY_YIID_ACCOUNT', '', NULL, 1278422351, 0, '', 0),
(19916, 105, 'YIID_BUTTON_DESCRIPTION', '<p>Der Yiid Button vereinfacht das Mitteilen von interessanten Fundstücken im Netz an Ihre Freunde in ALLEN Netzwerken gleichzeitig, weil er nur noch einen einzigen Klick erfordert.</p>\r\n\r\n  <p>Um dies zu ermöglichen, ist es notwendig sich einmalig anzumelden und die eigenen Netzwerke nacheinander hinzuzufügen. Änderungen können jederzeit später vorgenommen werden. \r\n  Im Yiid Profil sehen Sie dann automatisch auch alle Fundstücke Ihrer Freunde.</p>', NULL, 1278422467, 0, '', 0),
(19917, 104, 'YIID_BUTTON_DESCRIPTION', '<p>Our goal is to enable you to share interesting items on the web with your friends in your social networks with just one click - everywhere you find the Yiid Like or DIslike Button!</p>\r\n\r\n  <p>To make things work we need to create a Yiid account for you first. You can access this account any time later and add and edit services, see shared items of you and your friends.</p>', NULL, 1278422467, 0, '', 0),
(19918, 106, 'YIID_BUTTON_DESCRIPTION', '', NULL, 1278422467, 0, '', 0),
(19919, 107, 'YIID_BUTTON_DESCRIPTION', '', NULL, 1278422467, 0, '', 0),
(19920, 108, 'YIID_BUTTON_DESCRIPTION', '', NULL, 1278422467, 0, '', 0),
(19921, 109, 'YIID_BUTTON_DESCRIPTION', '', NULL, 1278422467, 0, '', 0),
(19922, 110, 'YIID_BUTTON_DESCRIPTION', '', NULL, 1278422467, 0, '', 0),
(19923, 105, 'HI_ANONYMOUS', 'Hallo!', NULL, 1278422682, 0, '', 0),
(19924, 104, 'HI_ANONYMOUS', 'Hi, Anonymous', NULL, 1278422682, 0, '', 0),
(19925, 106, 'HI_ANONYMOUS', '', NULL, 1278422682, 0, '', 0),
(19926, 107, 'HI_ANONYMOUS', '', NULL, 1278422682, 0, '', 0),
(19927, 108, 'HI_ANONYMOUS', '', NULL, 1278422682, 0, '', 0),
(19928, 109, 'HI_ANONYMOUS', '', NULL, 1278422682, 0, '', 0),
(19929, 110, 'HI_ANONYMOUS', '', NULL, 1278422682, 0, '', 0),
(19930, 105, 'YIID_BUTTON_FIRST_TIME', '<p class="important_text">Benutzen Sie den Yiid Button zum ersten Mal?</p><p>Dann stimmen Sie bitte zunächst den Nutzungsbedingungen zu.</p>', NULL, 1278422743, 0, '', 0),
(19931, 104, 'YIID_BUTTON_FIRST_TIME', '<p class="important_text">Are you a first time user?</p><p>Then please agree to our Terms of Service.</p>', NULL, 1278422743, 0, '', 0),
(19932, 106, 'YIID_BUTTON_FIRST_TIME', '', NULL, 1278422743, 0, '', 0),
(19933, 107, 'YIID_BUTTON_FIRST_TIME', '', NULL, 1278422743, 0, '', 0),
(19934, 108, 'YIID_BUTTON_FIRST_TIME', '', NULL, 1278422743, 0, '', 0),
(19935, 109, 'YIID_BUTTON_FIRST_TIME', '', NULL, 1278422743, 0, '', 0),
(19936, 110, 'YIID_BUTTON_FIRST_TIME', '', NULL, 1278422743, 0, '', 0),
(19937, 105, 'I_AGREE', 'Ich stimme zu', NULL, 1278422878, 0, '', 0),
(19938, 104, 'I_AGREE', 'I agree', NULL, 1278422878, 0, '', 0),
(19939, 106, 'I_AGREE', '', NULL, 1278422878, 0, '', 0),
(19940, 107, 'I_AGREE', '', NULL, 1278422878, 0, '', 0),
(19941, 108, 'I_AGREE', '', NULL, 1278422878, 0, '', 0),
(19942, 109, 'I_AGREE', '', NULL, 1278422878, 0, '', 0),
(19943, 110, 'I_AGREE', '', NULL, 1278422878, 0, '', 0),
(19944, 105, 'YIID_BUTTON_RECURRING', '<p class="important_text">Haben Sie den Yiid Button schon<br/> vorher benutzt?</p>\r\n    <p>Dann loggen Sie sich bitte einfach<br/> mit dem zuvor benutzten Profil ein</p>', NULL, 1278422923, 0, '', 0),
(19945, 104, 'YIID_BUTTON_RECURRING', '<p class="important_text">Are you a recurring user?</p>\r\n    <p>Then please log in to the service you''ve used before</p>', NULL, 1278422923, 0, '', 0),
(19946, 106, 'YIID_BUTTON_RECURRING', '', NULL, 1278422923, 0, '', 0),
(19947, 107, 'YIID_BUTTON_RECURRING', '', NULL, 1278422923, 0, '', 0),
(19948, 108, 'YIID_BUTTON_RECURRING', '', NULL, 1278422923, 0, '', 0),
(19949, 109, 'YIID_BUTTON_RECURRING', '', NULL, 1278422923, 0, '', 0),
(19950, 110, 'YIID_BUTTON_RECURRING', '', NULL, 1278422923, 0, '', 0),
(19951, 105, 'FACEBOOK_ERROR', 'Die Facebook Authorisierung ist fehlgeschlagen. Bitte authorisieren Sie Yiid erneut oder löschen Sie Facebook aus Ihren Einstellungen.', NULL, 1278423076, 0, '', 0),
(19952, 104, 'FACEBOOK_ERROR', 'Facebook authorization has failed. Please re-authorize here or skip.', NULL, 1278423076, 0, '', 0),
(19953, 106, 'FACEBOOK_ERROR', '', NULL, 1278423076, 0, '', 0),
(19954, 107, 'FACEBOOK_ERROR', '', NULL, 1278423076, 0, '', 0),
(19955, 108, 'FACEBOOK_ERROR', '', NULL, 1278423076, 0, '', 0),
(19956, 109, 'FACEBOOK_ERROR', '', NULL, 1278423076, 0, '', 0),
(19957, 110, 'FACEBOOK_ERROR', '', NULL, 1278423076, 0, '', 0),
(19958, 105, 'TWITTER_ERROR', 'Twitter ist temporär nicht erreichbar. Versuchen Sie es entweder direkt mit diesem Link nochmal oder überspringen Sie den Fehler.', NULL, 1278423106, 0, '', 0),
(19959, 104, 'TWITTER_ERROR', 'Twitter could not be reached. You can try to share again here or skip.', NULL, 1278423106, 0, '', 0),
(19960, 106, 'TWITTER_ERROR', '', NULL, 1278423106, 0, '', 0),
(19961, 107, 'TWITTER_ERROR', '', NULL, 1278423106, 0, '', 0),
(19962, 108, 'TWITTER_ERROR', '', NULL, 1278423106, 0, '', 0),
(19963, 109, 'TWITTER_ERROR', '', NULL, 1278423106, 0, '', 0),
(19964, 110, 'TWITTER_ERROR', '', NULL, 1278423106, 0, '', 0),
(19965, 105, 'UNKNOWN_ERROR', '', NULL, 1278423133, 0, '', 0),
(19966, 104, 'UNKNOWN_ERROR', '', NULL, 1278423133, 0, '', 0),
(19967, 106, 'UNKNOWN_ERROR', '', NULL, 1278423133, 0, '', 0),
(19968, 107, 'UNKNOWN_ERROR', 'Ein unbekannter Fehler ist aufgetreten. Bitte nochmal versuchen.', NULL, 1278423133, 0, '', 0),
(19969, 108, 'UNKNOWN_ERROR', 'An unknown error has occured. Please try again.', NULL, 1278423133, 0, '', 0),
(19970, 109, 'UNKNOWN_ERROR', '', NULL, 1278423133, 0, '', 0),
(19971, 110, 'UNKNOWN_ERROR', '', NULL, 1278423133, 0, '', 0),
(19972, 105, 'CLOSE_WINDOW', 'Fenster schliessen', NULL, 1278423164, 0, '', 0),
(19973, 104, 'CLOSE_WINDOW', 'Close window', NULL, 1278423164, 0, '', 0),
(19974, 106, 'CLOSE_WINDOW', '', NULL, 1278423164, 0, '', 0),
(19975, 107, 'CLOSE_WINDOW', '', NULL, 1278423164, 0, '', 0),
(19976, 108, 'CLOSE_WINDOW', '', NULL, 1278423164, 0, '', 0),
(19977, 109, 'CLOSE_WINDOW', '', NULL, 1278423164, 0, '', 0),
(19978, 110, 'CLOSE_WINDOW', '', NULL, 1278423164, 0, '', 0),
(19979, 105, 'YOUR_NETWORKS', 'Ihre Netzwerke:', NULL, 1278423431, 0, '', 0),
(19980, 104, 'YOUR_NETWORKS', 'Networks you use:', NULL, 1278423431, 0, '', 0),
(19981, 106, 'YOUR_NETWORKS', '', NULL, 1278423431, 0, '', 0),
(19982, 107, 'YOUR_NETWORKS', '', NULL, 1278423431, 0, '', 0),
(19983, 108, 'YOUR_NETWORKS', '', NULL, 1278423431, 0, '', 0),
(19984, 109, 'YOUR_NETWORKS', '', NULL, 1278423431, 0, '', 0),
(19985, 110, 'YOUR_NETWORKS', '', NULL, 1278423431, 0, '', 0),
(19986, 105, 'SAVE', 'Speichern', NULL, 1278423471, 0, '', 0),
(19987, 104, 'SAVE', 'Save', NULL, 1278423471, 0, '', 0),
(19988, 106, 'SAVE', '', NULL, 1278423471, 0, '', 0),
(19989, 107, 'SAVE', '', NULL, 1278423471, 0, '', 0),
(19990, 108, 'SAVE', '', NULL, 1278423471, 0, '', 0),
(19991, 109, 'SAVE', '', NULL, 1278423471, 0, '', 0),
(19992, 110, 'SAVE', '', NULL, 1278423471, 0, '', 0),
(19993, 105, 'ADD_FURTHER_NETWORKS', 'Weitere Netzwerke hinzufügen:', NULL, 1278423501, 0, '', 0),
(19994, 104, 'ADD_FURTHER_NETWORKS', 'Add more Networks:', NULL, 1278423501, 0, '', 0),
(19995, 106, 'ADD_FURTHER_NETWORKS', '', NULL, 1278423501, 0, '', 0),
(19996, 107, 'ADD_FURTHER_NETWORKS', '', NULL, 1278423501, 0, '', 0),
(19997, 108, 'ADD_FURTHER_NETWORKS', '', NULL, 1278423501, 0, '', 0),
(19998, 109, 'ADD_FURTHER_NETWORKS', '', NULL, 1278423501, 0, '', 0),
(19999, 110, 'ADD_FURTHER_NETWORKS', '', NULL, 1278423501, 0, '', 0),
(20000, 105, 'CURRENT_NETWORKS', 'Diese Webseiten werden z.Zt. unterstützt.', NULL, 1278423791, 0, '', 0),
(20001, 104, 'CURRENT_NETWORKS', 'Additional sites you can share with.', NULL, 1278423791, 0, '', 0),
(20002, 106, 'CURRENT_NETWORKS', '', NULL, 1278423791, 0, '', 0),
(20003, 107, 'CURRENT_NETWORKS', '', NULL, 1278423791, 0, '', 0),
(20004, 108, 'CURRENT_NETWORKS', '', NULL, 1278423791, 0, '', 0),
(20005, 109, 'CURRENT_NETWORKS', '', NULL, 1278423791, 0, '', 0),
(20006, 110, 'CURRENT_NETWORKS', '', NULL, 1278423791, 0, '', 0),
(20007, 105, 'NO_FURTHER_NETWORKS', '<h3>Z.Zt. werden keine weiteren Netzwerke von Yiid it unterstützt.</h3>\r\n    <p>Bitte schauen Sie bald wieder an dieser Stelle nach, da wir unseren Service kontinuierlich ausbauen.</p>\r\n    <p>Falls Sie ein Netzwerk bei Yiid it ganz besonders vermissen, schicken Sie uns ihren Vorschlag einfach an %1 it</p>', NULL, 1278423864, 0, '', 0),
(20008, 104, 'NO_FURTHER_NETWORKS', '<h3>No additional Networks available.</h3>\r\n    <p>Please check back soon, we constantly expand the number of services we support.</p>\r\n    <p>You can drop us an email at suggest@Yiid it too, if you''re missing your favorite service here.</p>', NULL, 1278423864, 0, '', 0),
(20009, 106, 'NO_FURTHER_NETWORKS', '', NULL, 1278423864, 0, '', 0),
(20010, 107, 'NO_FURTHER_NETWORKS', '', NULL, 1278423864, 0, '', 0),
(20011, 108, 'NO_FURTHER_NETWORKS', '', NULL, 1278423864, 0, '', 0),
(20012, 109, 'NO_FURTHER_NETWORKS', '', NULL, 1278423864, 0, '', 0),
(20013, 110, 'NO_FURTHER_NETWORKS', '', NULL, 1278423864, 0, '', 0),
(20014, 105, 'YOUR_FRIENDS_LIKES', 'Das finden Ihre Freunde gut ...', NULL, 1278423945, 0, '', 0),
(20015, 104, 'YOUR_FRIENDS_LIKES', 'See what your friends have shared ...', NULL, 1278423945, 0, '', 0),
(20016, 106, 'YOUR_FRIENDS_LIKES', '', NULL, 1278423945, 0, '', 0),
(20017, 107, 'YOUR_FRIENDS_LIKES', '', NULL, 1278423945, 0, '', 0),
(20018, 108, 'YOUR_FRIENDS_LIKES', '', NULL, 1278423945, 0, '', 0),
(20019, 109, 'YOUR_FRIENDS_LIKES', '', NULL, 1278423945, 0, '', 0),
(20020, 110, 'YOUR_FRIENDS_LIKES', '', NULL, 1278423945, 0, '', 0),
(20021, 98, 'COMING_SOON', '(in Kürze)', NULL, 1278494005, 0, '', 0),
(20022, 97, 'COMING_SOON', '(coming soon)', NULL, 1278494005, 0, '', 0),
(20023, 99, 'COMING_SOON', '', NULL, 1278494005, 0, '', 0),
(20024, 100, 'COMING_SOON', '', NULL, 1278494005, 0, '', 0),
(20025, 101, 'COMING_SOON', '', NULL, 1278494005, 0, '', 0),
(20026, 102, 'COMING_SOON', '', NULL, 1278494005, 0, '', 0),
(20027, 103, 'COMING_SOON', '', NULL, 1278494005, 0, '', 0),
(20028, 98, 'SELECT_LANGUAGE_EN', 'Englisch', NULL, 1278494342, 0, '', 0),
(20029, 97, 'SELECT_LANGUAGE_EN', 'English', NULL, 1278494342, 0, '', 0),
(20030, 99, 'SELECT_LANGUAGE_EN', '', NULL, 1278494342, 0, '', 0),
(20031, 100, 'SELECT_LANGUAGE_EN', '', NULL, 1278494342, 0, '', 0),
(20032, 101, 'SELECT_LANGUAGE_EN', '', NULL, 1278494342, 0, '', 0),
(20033, 102, 'SELECT_LANGUAGE_EN', '', NULL, 1278494342, 0, '', 0),
(20034, 103, 'SELECT_LANGUAGE_EN', '', NULL, 1278494342, 0, '', 0),
(20035, 98, 'SELECT_LANGUAGE_DE', 'Deutsch', NULL, 1278494382, 0, '', 0),
(20036, 97, 'SELECT_LANGUAGE_DE', 'German', NULL, 1278494382, 0, '', 0),
(20037, 99, 'SELECT_LANGUAGE_DE', '', NULL, 1278494382, 0, '', 0),
(20038, 100, 'SELECT_LANGUAGE_DE', '', NULL, 1278494382, 0, '', 0),
(20039, 101, 'SELECT_LANGUAGE_DE', '', NULL, 1278494382, 0, '', 0),
(20040, 102, 'SELECT_LANGUAGE_DE', '', NULL, 1278494382, 0, '', 0),
(20041, 103, 'SELECT_LANGUAGE_DE', '', NULL, 1278494382, 0, '', 0);
